미국 Redbook 월간 소비증가율???,기업 파산건수,US PPI - CPI Index,Korea Export Growth,China Credit Impulse,미국 산업생산 증가율,"미국 자동차 판매: HEAVY & MEDIUM TRUCKS (백만대, 좌)",미국 제조업 신규수주,미국 제조업 판매대비 재고율,BDI,JOLTS,미국 자동차 제외 소매판매 (YoY),미국 전산업 가동률,US 기업+가계대출 증가율,미국 소비자 신용 변화율(아웃스탠딩)
-0.235617591,1.39484299,0.40049817,1.8133753,0.132177512,1.767752621,-2.697872358,-1.108387386,1.047780595,-0.403045463,-0.056747569,-0.456913707,2.007916611,-2.910456318,-3.471464997
-0.296846562,1.373560338,0.867244157,1.547141178,0.47800753,1.561196467,-2.335034861,-1.759400207,1.145792661,-0.708027261,1.255510929,-0.561671331,1.862822178,-2.620075469,-3.504182875
-0.322751127,1.355855779,0.615919395,1.49809805,0.476064665,1.374312327,-2.153616112,-1.230928824,1.145792661,-0.278279668,0.763707841,-0.410450785,1.717887806,-2.383734105,-3.468346045
-0.329816008,1.336846277,0.83134062,0.811494261,0.920980813,1.226772217,-2.153616112,-0.844050034,1.145792661,0.040864962,0.21518178,-0.382811229,1.601194595,-2.192897023,-3.326917026
-0.376915217,1.345847584,0.939051232,1.610196628,1.004524019,1.101363124,-1.972197364,-1.206388005,1.145792661,-0.182918747,1.073691283,-0.413603498,1.48617431,-1.952342188,-3.329897492
-0.334525929,1.36636192,0.651822932,1.175814639,1.301782406,1.010380056,-2.153616112,-1.372562082,1.047780595,-0.681525751,0.764411143,-0.063434818,1.400744228,-1.777384156,-3.274945543
-0.17674358,1.329976341,0.651822932,1.259888572,1.090010092,1.165297172,-1.972197364,-0.843948374,1.145792661,-0.707422959,0.3029547,-0.249382195,1.529451024,-1.500911313,-3.37184496
-0.334525929,1.304174592,0.580015857,2.808250178,1.50189753,0.830872922,-1.790778615,-1.411945318,1.341816791,-0.868237476,-0.181791833,-0.082973181,1.20088201,-1.214627182,-3.206720583
-0.38869002,1.262792981,1.046761845,0.825506583,1.616526581,0.639070779,-1.609359867,-1.399420758,1.145792661,-0.869808151,0.399418994,-0.169179887,0.980858545,-1.029395912,-3.2930106
-0.487598358,1.214885748,0.903147695,1.694270561,1.023952672,0.722676842,-1.246522369,0.293123116,1.439828857,-0.838571107,0.435476669,-0.150442029,1.008235532,-0.821036328,-1.88831292
0.028137979,1.09994049,1.082665382,1.322944022,1.478583146,0.540710706,-1.065103621,-0.573653722,1.145792661,-0.869375379,-0.485056351,0.021732147,0.789430812,-0.713204917,1.643706128
0.004588375,0.989862203,1.082665382,1.196833122,1.231839256,0.233335477,-0.702266124,-0.244741689,1.047780595,-0.982742335,-0.333142267,0.019136284,0.448395504,-0.455508196,1.560951913
-0.087255083,0.925430096,1.046761845,0.454180044,0.69172271,0.240712483,-0.702266124,0.007254092,1.047780595,-0.840467113,0.51690302,0.184625392,0.39752877,-0.335686631,1.424689027
0.061107425,0.895073313,1.11856892,1.154796155,0.682008384,0.275138508,-0.883684872,-0.722443873,1.047780595,-0.52084837,0.226381992,0.230702423,0.34954265,-0.212713983,1.365703206
0.082302069,0.84883795,0.83134062,1.463067244,0.932638004,0.34399056,-0.339428626,0.073313015,1.047780595,-0.705229445,-0.101967763,0.172739203,0.341830559,-0.001470959,1.344594938
0.101141753,0.714164543,0.97495477,0.937605161,1.140524589,0.262843499,-0.339428626,-0.006083751,1.047780595,-0.569802412,0.817003517,0.12199953,0.196066574,0.086155052,1.227071848
0.098786792,0.561030617,0.68772647,0.208964405,1.214353469,0.503825679,0.023408871,-0.347235696,0.94976853,-0.451842441,-0.058529372,0.129685326,0.34777486,0.206294698,1.118153824
-0.193228303,-0.185503288,0.651822932,0.482204689,1.290125215,0.49153067,0.204827619,-0.453450474,0.94976853,-0.424853804,-0.100918274,-0.095537093,0.269629554,0.314805134,1.044779334
-0.207358065,-1.108871212,0.436401707,0.251001372,1.385325613,0.37103958,0.023408871,0.075834193,0.94976853,-0.259871533,0.510335161,-0.24543053,0.114125674,0.368143182,0.995986846
-0.2827168,-1.265283395,0.25688402,-0.8349536,1.412525727,0.580054735,0.023408871,-0.705954557,1.145792661,-0.487210309,0.646514757,-0.153176491,0.24208386,0.509240755,0.635758409
-0.358075534,-1.316957042,0.005559257,1.105753028,1.037552729,0.762020871,0.023408871,-0.176141256,1.145792661,-0.67348028,-0.047545496,-0.035361501,0.365233635,0.704959565,0.569962017
-0.216777907,-1.38594308,-0.17395843,-0.428596256,1.196867682,0.363662574,0.204827619,0.583241543,1.047780595,-0.698815988,0.450178103,-0.180903088,-0.022628124,0.690198386,0.524755632
-0.153193975,-1.221551902,-0.353476118,-0.673811895,1.159953241,0.636611778,0.204827619,-0.218879285,1.047780595,-0.463505571,0.167822153,-0.463414001,0.181318999,0.777656508,0.567927733
-0.299201523,-1.31417144,-0.568897343,-0.39356545,1.177439029,0.651365789,0.023408871,0.15699985,1.047780595,-0.394637182,0.380879075,-0.321449151,0.168969406,0.722693379,0.457880005
-0.395754901,-1.468707078,-0.532993805,-0.260448389,0.897666429,0.580054735,0.023408871,0.114180493,0.753744399,-0.598879654,0.008048929,-0.628133747,0.088775086,0.861047031,0.507569751
-0.546472369,-1.224435763,-0.497090268,-0.933039856,0.499379048,0.513661686,-0.339428626,-0.413538604,0.753744399,-0.44718696,-0.498617559,-0.464909917,0.016246735,0.896970291,0.556507539
-0.541762448,-1.147994597,-0.102151355,-0.743873506,0.375035671,0.243171484,-0.702266124,-0.136534367,0.851756465,-0.732779318,0.069232541,-0.570015163,-0.216291932,0.804302874,0.517993786
-0.405174743,-0.780355804,-0.138054893,-0.491651706,-0.34382448,0.238253481,-0.339428626,0.072743717,0.851756465,-0.942050258,-0.510131363,-0.5850639,-0.218249163,0.817369499,0.475066083
-0.60534638,-0.464344021,-0.138054893,-0.253442228,-0.617768484,0.147270413,-1.246522369,0.226027257,0.851756465,-0.846315228,-0.437497046,-0.686975998,-0.300220352,0.848011724,0.498171778
-0.659510471,0.503988721,-0.31757258,-0.050263556,-0.761540514,0.245630486,-0.339428626,-0.327310259,0.94976853,-0.720157774,-0.213451719,-0.685156956,-0.20849903,0.785594906,0.519751933
-0.452273952,0.918985511,-0.281669043,-0.743873506,-0.817883607,0.186614442,0.023408871,0.142482746,0.94976853,-0.848174086,-0.384842168,-0.377215565,-0.256015288,0.832073789,0.56445945
-0.522922765,0.952423175,-0.209861968,0.440167722,-1.684401519,0.031697327,-1.065103621,-0.525812342,0.94976853,-0.486641986,-0.635635538,-0.495522419,-0.375769564,0.745579047,0.54575487
-0.419304505,0.958187649,-0.245765505,-0.926033695,-1.47457207,0.078418362,-0.883684872,-0.157151095,1.145792661,-0.082316263,-0.1156825,-0.668088743,-0.331155842,0.56611623,0.512738766
-0.334525929,0.869208107,-0.31757258,-0.323503839,-1.719373094,0.314482538,-0.702266124,0.36202853,0.851756465,-0.133166207,-0.53138112,-0.753734189,-0.11519381,0.575725635,0.501485669
-0.459338833,0.758950312,-0.389379655,-0.316497678,-2.183717894,0.105467382,-0.520847375,0.032384541,0.851756465,-0.341597009,-0.39586516,-0.803837324,-0.281527833,0.467287635,0.480223608
-0.38869002,0.805404597,-0.102151355,-0.106312845,-2.280861158,0.073500358,-0.520847375,0.600157833,1.047780595,-0.447347747,-0.248360843,-0.728982149,-0.287120458,0.391237824,0.531142755
-0.329816008,0.82250411,0.005559257,-0.39356545,-1.744630343,0.112844387,-0.339428626,0.818930997,0.94976853,-0.15292087,-0.347242366,-0.695562693,-0.231032046,0.30772729,0.473419061
-0.275651918,0.703625002,-0.138054893,-0.14134365,-1.44154336,-0.022400713,0.023408871,-0.122627225,0.94976853,-0.077603331,-0.45226149,-0.652057059,-0.325261618,0.245889362,0.457974142
-0.136709252,0.668718092,-0.281669043,0.208964405,-1.476514935,0.228417473,-0.520847375,0.325207135,0.94976853,0.388534362,-0.290342612,-0.727412508,-0.093126159,0.14468023,0.450616081
-0.023671151,0.629705859,-0.532993805,-0.442608578,-0.932512658,0.380875587,-0.339428626,0.634600374,0.94976853,1.595022452,-0.33591429,-0.643826328,0.058510088,0.123061141,0.445530794
-0.216777907,0.539197783,-0.425283193,0.180939761,-0.604168427,0.267761503,-0.339428626,0.522489293,0.94976853,1.086299176,-0.059988699,-0.527158545,-0.017022758,0.066511294,0.406418959
-0.164968777,0.396010342,-0.31757258,-0.309491517,-0.563368256,0.225958472,-0.520847375,0.158484092,1.145792661,0.504706242,-0.342050099,-0.546631214,-0.032458816,0.072228198,0.4526536
-0.2827168,0.434134882,-0.209861968,0.159921278,-0.295252849,0.216122464,-0.339428626,0.5159017,1.047780595,1.807237742,-0.462916167,-0.583423515,-0.028049525,0.049827649,0.464049277
-0.247392393,0.462360665,-0.17395843,-0.337516161,0.244863698,0.125139396,-0.520847375,-0.531159678,0.94976853,0.998821571,-0.392904806,-0.9562529,-0.096218571,0.059079048,0.454838639
-0.294491602,0.50166577,-0.102151355,-0.225417584,0.258463754,0.191532446,-0.158009878,-0.270095791,1.047780595,0.516448091,-0.191595691,-0.754846599,-0.021576611,0.277253525,0.442185937
-0.353365613,0.505662842,-0.066247818,-0.064275878,0.676179788,0.33169555,-0.158009878,0.824949293,0.94976853,0.725000613,-0.269860848,-0.509253118,0.12068844,0.321280185,0.446472337
-0.28742672,0.307536401,0.220980482,0.3000445,1.070581439,0.375957583,0.204827619,0.406311797,0.94976853,0.090657952,0.072979115,-0.192936752,0.168257828,0.391544662,0.404059062
-0.075480281,-0.568297764,-0.03034428,-0.428596256,1.097781553,0.454645642,0.023408871,0.500408656,0.851756465,0.051025407,0.074485137,-0.312490583,0.243271217,0.467798579,0.371923057
-0.200293184,-0.5009593,0.077366332,-0.155355973,0.495493318,0.508743682,0.023408871,0.932404327,0.851756465,-0.197577364,0.351440943,-0.129425469,0.276767493,0.472805607,0.360530741
-0.082545162,-0.313019518,0.149173407,0.040816539,0.54406495,0.65382479,0.567665117,1.445240343,0.94976853,-0.528952561,0.586452438,-0.257468283,0.393255431,0.529117854,0.284908295
0.018718137,-0.24393743,0.041462795,-0.351528484,0.874352046,0.459563646,0.204827619,0.384088835,0.851756465,-0.334991895,0.897579224,-0.033082501,0.224257572,0.653795126,0.272292381
0.030492939,-0.291897919,0.005559257,0.117884311,0.86463772,0.403006604,0.023408871,0.677236742,0.753744399,-0.58083016,0.30093447,-0.187122796,0.170847985,0.704598564,0.250303699
-0.035445953,-0.425337448,-0.138054893,-0.162362134,0.76166586,0.432514626,0.023408871,0.395596791,0.655732334,-0.686911377,0.284432106,-0.131598712,0.195734142,0.659338748,0.282013079
-0.056640597,-0.216264086,-0.245765505,-0.512670189,0.816066088,0.525956695,0.386246368,-0.44499233,0.459708203,-0.343671128,0.227562328,-0.04986887,0.27828241,0.743316796,0.176477321
0.011653256,-0.084573246,-0.676607955,-0.106312845,0.540179219,0.469399653,0.023408871,-0.065311096,0.459708203,-0.899317929,0.573828702,-0.188818591,0.229372517,0.776214275,0.098340656
-0.117869569,-0.2590317,-1.215161018,-0.39356545,0.689779845,0.37103958,0.023408871,-1.21504947,0.067659942,-0.804229018,0.824702179,0.008642639,0.140278811,0.809308269,0.117980113
-0.38869002,-0.516386574,-1.32287163,-0.561713317,0.54795068,0.02186132,0.204827619,-1.129593744,0.165672007,-0.829327416,0.599392101,-0.247925318,-0.163908023,0.649330831,0.14424753
-0.358075534,-0.369427234,-1.32287163,-0.64578725,0.631493887,-0.305185924,0.567665117,0.211957458,0.263684073,-0.937085305,0.285504744,-0.29413633,-0.442362469,0.730705366,0.170946619
-0.628895985,0.152011992,-1.717810542,-0.883996728,0.631493887,-0.46010304,0.567665117,-0.452698187,0.263684073,-0.711290508,0.479457147,-0.481007174,-0.567868972,0.686224288,0.147736784
-0.570021974,0.694528296,-1.215161018,-1.094181562,0.732522881,-0.674036199,0.930502614,-0.578858734,0.067659942,-0.66436304,0.208147809,-0.373035492,-0.737538477,0.698505325,0.163524058
-0.690124956,0.66336404,-1.143353943,-0.512670189,0.93458087,-0.828953315,0.749083865,0.340639183,0.067659942,-0.45560308,-0.385930656,-0.516048856,-0.853535349,0.712857546,0.171183436
-0.671285273,0.490560373,-1.251064555,-0.687824217,0.489664722,-0.735511245,0.930502614,-0.585649649,0.067659942,0.127849866,0.598126979,-0.372347835,-0.745538899,0.633571648,0.156908551
-0.60299142,0.268276044,-1.358775167,-1.388440328,0.143834703,-0.745347252,0.930502614,-0.545371801,-0.030352123,0.016866768,-0.543000353,-0.555553062,-0.722830367,0.597130694,0.127184079
-0.675995194,0.262631497,-1.646003467,-0.919027534,-0.176738067,-0.885510357,0.930502614,-0.330868373,-0.030352123,-0.423552991,-0.068017032,-0.556253993,-0.827242873,0.572078074,0.093324949
-0.701899759,0.298093869,-1.681907005,-1.444489617,-0.324395828,-0.996165439,1.293340111,-0.415510816,-0.128364189,-0.514394279,0.107573286,-0.764661172,-0.904776283,0.637451001,0.030747396
-0.664220392,0.275189944,-1.538292855,-0.673811895,-0.528396681,-1.323212683,0.567665117,-0.93204727,-0.128364189,-0.874980277,0.241786836,-0.802258883,-1.173431461,0.587608735,0.022126178
-0.553537251,0.035827595,-1.394678705,-1.325384878,-0.48371078,-1.446162774,0.386246368,-0.66880785,-0.422400385,-0.705207592,0.045113513,-0.712881057,-1.259720123,0.466178261,-0.018855488
-0.607701341,-0.001148389,-1.107450405,-1.696711417,-1.047141709,-1.133869542,0.749083865,-1.618092262,-0.324388319,-0.753464196,-0.02695553,-0.763126212,-0.973739343,0.402941721,-0.114958137
-0.812582899,-0.131081422,-1.251064555,-1.262329428,-0.798454954,-1.106820522,0.386246368,-1.270332392,-0.324388319,-0.706170266,-0.374779943,-0.529672736,-0.942140526,0.438423917,-0.125882342
-0.81729282,-0.263992357,-1.32287163,-0.89800905,-1.58531539,-1.207639597,0.386246368,-0.178418449,-0.324388319,-0.584806383,0.230674126,-0.759878235,-1.023938646,0.456332049,-0.210346793
-0.786678335,-1.579722886,-1.107450405,-1.101187723,-1.900059564,-1.001083443,0.023408871,-0.800417394,-0.226376254,-0.123897813,-0.470009882,-0.666362045,-0.843193169,0.454370291,-0.185640751
-0.793743216,-2.680296741,-1.32287163,-0.750879667,-1.9428026,-0.942067399,-0.158009878,-0.6922914,-0.226376254,-0.109320997,-0.460744565,-0.682479666,-0.794921518,0.437609971,-0.19211539
-0.836132504,-2.843592286,-1.251064555,-0.526682511,-1.884516642,-0.757642261,-0.702266124,-0.35343698,-0.128364189,-0.324045434,-0.181703616,-0.4512722,-0.633588884,0.335108694,-0.271688793
-0.838487464,-2.119316704,-1.17925748,-1.059150756,-1.433771899,-0.875674349,-0.883684872,-1.305974525,-0.226376254,-0.508191141,-0.731401666,-0.809364754,-0.750811944,0.314656886,-0.32899892
-0.895006515,-1.560867088,-1.251064555,-0.14134365,-1.476514935,-0.846166327,-1.065103621,-0.551369764,-0.226376254,-0.627568105,-0.461026101,-0.744374191,-0.744341562,0.173341743,-0.326164533
-0.854972187,-1.281322026,-0.74841503,-0.743873506,-1.272514081,-0.806822298,-0.883684872,-0.430251573,-0.128364189,-0.245684126,-0.306474587,-0.708442332,-0.713388765,0.213621597,-0.279748518
-0.847907306,-1.055963675,-0.497090268,-0.547700995,-1.196742335,-0.676495201,-0.883684872,-0.428970652,-0.128364189,-0.037982561,-0.811632268,-0.608003733,-0.608297163,0.212537108,-0.254726366
-0.777258493,-0.972221553,-0.640704418,-0.162362134,-1.136513512,-0.590430137,-0.883684872,-0.93782158,-0.226376254,0.913186796,-0.422608955,-0.788404713,-0.537846429,0.121808726,-0.240587701
-0.730159284,-0.664418074,-0.245765505,0.117884311,-0.963598503,-0.310103928,-0.702266124,-0.527540568,0.067659942,1.143801301,-0.551527175,-0.614555405,-0.282135283,0.040870773,-0.220337991
-0.847907306,-0.383412998,-0.03034428,0.447173883,-0.563368256,-0.489611062,-0.883684872,-1.41558476,0.067659942,1.559499187,-0.982958376,-0.348289622,-0.443155626,-0.041227023,-0.164181595
-0.789033295,0.022691309,0.220980482,1.091740705,-0.771254841,-0.440431025,-0.339428626,-1.181501541,-0.030352123,1.715499728,-0.520660762,-0.668030529,-0.398183508,-0.194365992,-0.145722341
-0.734869205,0.280300364,0.328691095,0.594303266,-0.031023171,-0.088793763,-0.702266124,0.177413257,0.067659942,2.360517797,-0.9136905,-0.338380445,-0.087291328,-0.499074388,-0.057499665
-0.584151736,0.790538089,0.472305245,1.343962506,0.198234931,0.080877363,-0.158009878,-0.802104956,-0.030352123,1.131148073,-0.404793399,-0.338698256,0.076204225,-0.581436948,0.000565921
-0.581796776,1.048923726,0.149173407,0.594303266,0.099148802,0.159565422,-0.158009878,-0.398065893,0.067659942,0.566279848,-0.611069309,-0.541670585,0.173396107,-0.646091125,0.046953227
-0.419304505,1.090506523,0.005559257,0.61532175,0.266235216,0.085795367,0.023408871,0.356132227,-0.030352123,0.369158245,-0.162060576,-0.62905936,0.136356636,-0.654748003,0.168616788
-0.44285411,1.103623142,-0.03034428,1.035691417,-0.153423684,0.002189305,-0.158009878,-1.080959413,-0.030352123,0.199881992,-0.421518576,-0.458108611,0.092264271,-0.677239595,0.242447016
-0.322751127,1.11991586,0.220980482,0.895568194,0.112748859,-0.083875759,0.204827619,-0.221888432,0.067659942,0.728584255,-0.124642916,-0.409167963,0.048225919,-0.590684163,0.271125251
0.004588375,1.003019112,0.220980482,2.121646389,0.122463185,-0.034695723,0.386246368,-0.100058618,0.067659942,0.665537569,-0.267442966,-0.188960671,0.125584319,-0.592901143,0.229773708
-0.193228303,0.899966668,0.149173407,0.145908955,0.104977398,0.257925495,0.023408871,-0.171322553,0.067659942,0.744872344,0.078959215,-0.248726938,0.412656494,-0.632396557,0.153359544
-0.306266404,0.802592978,0.54411232,0.356093789,0.30120679,0.410383609,0.204827619,-0.281766404,0.263684073,0.295174049,-0.401718688,0.246101618,0.587282779,-0.696360285,0.072422066
-0.131999331,0.423027382,0.220980482,0.293038339,0.318692578,0.294810523,-0.158009878,0.017033822,0.165672007,0.531343363,-0.340903059,0.16555978,0.498761079,-0.672539191,0.088302134
-0.23090767,0.323809819,0.11326987,1.238870089,0.522693432,0.326777547,0.386246368,-0.856086625,0.263684073,0.311727431,0.242462602,-0.167242964,0.556151031,-0.6400519,0.083564184
-0.259167195,0.259640065,0.005559257,-0.106312845,0.561550737,0.498907675,0.567665117,-0.695117559,0.263684073,0.455372536,-0.121220446,0.023584188,0.733593109,-0.631379174,0.083665718
-0.235617591,-0.411060297,0.041462795,0.061835022,0.54795068,0.474317657,0.749083865,0.80349895,0.263684073,-0.143853228,0.215135992,-0.209847178,0.698130414,-0.458213913,0.057589165
-0.270941997,-0.652015932,-0.209861968,-0.463627061,0.518807701,0.508743682,0.749083865,-0.041827545,0.263684073,-0.255214726,-0.006688425,-0.157134985,0.723704564,-0.210162272,-0.095603966
-0.030736032,-0.577219553,0.292787557,0.573284783,0.75778013,0.25054849,-0.158009878,0.460923759,0.459708203,0.260220441,0.370364556,0.209950229,0.476717873,-0.198305621,-0.103334713
-0.000121546,-0.518930154,0.25688402,-0.351528484,0.790808839,0.3980886,1.111921362,0.781743626,0.459708203,0.569764813,0.081873094,-0.171780705,0.590076872,-0.100572288,-0.138878763
-0.117869569,-0.461009515,0.328691095,0.103871989,1.126924532,0.49153067,1.293340111,-0.267635609,0.263684073,0.886800156,0.111470561,-0.004335768,0.647011128,-0.04105825,-0.087999812
0.075237188,-0.467524993,0.185076945,0.286032178,0.954009522,0.786610889,0.930502614,0.663573586,0.361696138,0.474666575,0.090862886,-0.163335331,0.87713551,-0.060544382,-0.084793278
0.376672125,-0.093897906,0.149173407,-0.891002889,1.04143846,0.757102867,1.293340111,0.48137783,0.361696138,-0.080908007,0.211800041,-0.365376113,0.826239605,-0.081388267,-0.050231687
0.364897322,-0.050955424,0.25688402,1.252882411,1.204639143,0.410383609,1.111921362,0.458280589,0.361696138,-0.10603843,0.047364384,-0.163403533,0.473639668,0.008030108,0.035808224
0.470870542,-0.168518059,-0.245765505,-0.071282039,1.282353754,0.341531558,0.930502614,-0.176852879,0.165672007,-0.387690231,0.404024124,-0.194744165,0.390737742,0.19520178,0.108303877
0.663977299,0.252658434,-0.389379655,-0.442608578,1.156067511,0.280056512,1.656177608,-0.017632372,0.067659942,-0.381612129,0.258669413,-1.264156709,0.307875494,0.377435267,0.135779846
0.654557457,0.284710497,-0.60480088,-0.757885828,0.612065234,0.144811411,1.656177608,-0.71616126,-0.030352123,-0.341782686,0.024814432,-0.551542494,0.151450572,0.4753346,0.12016491
0.2471493,-0.831109754,-0.532993805,-1.115200045,0.682008384,-0.054367737,1.293340111,-0.834107648,-0.030352123,-0.719485768,-0.255726755,-0.795807494,-0.078703661,0.498307704,0.080419716
0.108206634,-0.335710386,-0.353476118,-0.912021373,0.22349218,-0.172399825,1.837596357,0.531394743,-0.128364189,-0.68112109,-0.271984401,-0.486032427,-0.212132547,0.462003102,0.073976803
0.230664577,-0.025671713,-0.138054893,-0.470633223,0.314806847,-0.573217124,1.837596357,-0.160383895,-0.226376254,-0.559674904,-0.42469559,-0.600873131,-0.593697724,0.143651944,0.172666236
0.289538588,-0.096219995,-0.353476118,-1.010107628,0.038919979,-0.297808919,1.656177608,-0.062444273,-0.226376254,-0.411324786,-0.442806293,-0.658681254,-0.384196373,0.126035847,0.127535666
0.235374498,-0.261888789,-0.568897343,-1.290354073,-0.207823911,-0.479775054,2.019015105,-0.032047816,-0.422400385,-0.325917394,-0.716686534,-0.266694911,-0.558822891,0.048119875,0.124996713
0.164725685,-0.615552351,-0.568897343,-1.101187723,-0.174795202,-0.622397161,1.293340111,-0.514812687,-0.618424515,0.01134301,-0.750504533,-0.245387047,-0.703262311,0.010220244,0.087018363
0.155305843,-0.795583882,-0.676607955,-1.304366395,-0.050451824,-0.622397161,1.656177608,-0.061874975,-0.716436581,0.044091571,-0.678627304,-0.184141009,-0.715968194,0.085931255,0.046484824
0.40728661,-0.923699516,-0.820222105,-1.157237012,-0.157309414,-0.696167216,0.567665117,-0.190617696,-0.814448646,0.552333095,-0.823375414,-0.290283605,-0.785469708,0.028608612,0.048672794
0.089366951,-0.857609008,-0.89202918,-1.374428006,-0.293309983,-0.858461336,0.204827619,-0.168415066,-1.010472777,0.07312593,-0.639176481,-0.41581634,-0.948935633,-0.118692572,0.016687458
0.131756239,-0.501159134,-0.568897343,-1.339397201,-0.52062522,-0.762560265,0.204827619,-0.916879539,-1.206496907,0.084019488,-1.099181645,-0.70704627,-0.852408987,-0.271006065,0.019360126
0.2471493,-0.281330903,-0.389379655,-0.694830378,-0.51673949,-0.821576309,0.204827619,-0.574243353,-1.304508973,-0.114499772,-1.175715214,0.269483791,-0.905105818,-0.498801554,-0.015326036
0.277763786,-0.200518399,-0.17395843,-0.785910473,-0.250566947,-0.789609285,0.386246368,-0.931904945,-1.500533104,-0.591776073,-0.875666857,-0.232208306,-0.879039905,-0.631613468,-0.017417729
0.24479434,0.518388018,-0.532993805,-0.071282039,-0.289424253,-0.587971135,0.386246368,-0.776588198,-1.402521038,-0.498287821,-0.708172148,-0.035311821,-0.704094029,-0.690851384,-0.012604083
0.694591785,0.523280204,-1.251064555,-0.449614739,-0.617768484,-1.522391831,-1.427941118,-0.767926732,-2.186617561,-0.306215137,-1.70785892,0.264089552,-1.517387283,0.409018622,0.021591557
-1.29063987,0.205696913,-2.18455653,-2.117081084,-1.058798901,-4.507620056,-4.693478593,-2.554343812,-4.832943325,-0.337820267,-2.399904573,-3.031894143,-4.130546427,2.369705738,0.541030437
-2.760135187,-0.465709263,-1.358775167,-1.983964023,-1.243371102,-4.214998838,-3.423547353,-2.134791373,-4.342882998,-0.830344702,-1.839832083,-0.526862396,-3.84808161,2.940610666,0.873145488
-2.997986191,-1.117830031,-1.215161018,-1.0871754,-1.282228407,-2.921563874,-0.702266124,-1.019292219,-2.578665822,-0.188708749,-1.36984347,0.980273285,-2.654763378,2.322855975,0.980724753
-2.550543707,-1.387825152,-1.251064555,-0.820941278,-1.507600779,-1.996979185,-0.158009878,-1.219481863,-1.892581365,-0.319657052,-1.035382497,1.268561996,-1.797630213,1.912586932,1.015140419
-1.738082354,-1.707820079,-1.215161018,-1.045138434,-1.791259109,-1.945340146,0.204827619,-0.794053453,-1.696557234,-0.457592879,-1.221160296,1.25231558,-1.71470003,1.575284333,1.114760235
-0.989204933,-1.853538999,-1.107450405,0.1739336,-1.921431082,-1.881406099,0.023408871,-0.412847314,-1.598545169,-0.634709971,-1.107286936,1.758249379,-1.624868234,1.242017597,1.153034669
-0.631250945,-1.755949693,-1.03564333,-0.596744123,-2.022460077,-1.519932829,0.204827619,-0.426469806,-1.500533104,-0.29426973,-0.999200986,1.585949479,-1.258879644,0.920036687,1.221693378
-0.511147963,-1.775023607,-1.071546868,-0.050263556,-1.960288388,-1.522391831,0.386246368,-0.817252355,-1.402521038,-0.372717728,-0.685469397,1.43207164,-1.221098347,0.62391965,1.262797131
-0.216777907,-1.90014167,-0.963836255,0.545260139,-1.814573492,-1.197803589,0.204827619,-0.179679038,-1.108484842,-0.284613129,-0.545243399,1.577338342,-0.869290253,0.458230564,1.279581132
-0.268587037,-1.670591113,-0.532993805,0.475198528,-1.600858312,-0.816658305,0.386246368,-0.704673636,-0.814448646,1.579164935,-0.659870053,2.265416259,-0.530553324,0.337599299,1.324417665
-0.471113635,-1.05641212,0.11326987,0.328069144,-1.748516073,-1.647800925,-0.339428626,-0.47727967,-1.108484842,2.710115627,-0.105340798,1.30765593,-1.269700154,0.478127058,1.35007451
1.000736642,-0.678806594,1.010858307,0.818500422,-0.761540514,-0.074039752,0.386246368,1.004379885,-1.010472777,2.842404275,1.600303451,2.869088205,0.24174258,-0.664699547,1.349959128
1.919171215,0.113336618,1.800736132,2.563034539,-0.104852052,3.749708097,-0.520847375,0.298531448,-1.010472777,3.31289691,4.269621002,6.986153535,3.75922335,-2.342314137,0.927693191
2.133472616,0.83991316,1.154472457,2.864299467,0.464407473,3.506266916,0.386246368,0.470622161,-1.010472777,6.285970799,3.172011623,3.223959947,3.612411154,-2.802733445,0.521711471
2.708082964,1.162224406,1.369893682,2.457942122,0.586807986,1.939882749,-0.339428626,1.274796529,-0.912460711,1.82514719,2.582501353,1.975509234,2.168703984,-2.697227876,0.339842078
2.463167078,1.321203146,1.441700757,1.75031985,0.82772328,0.936610001,-0.158009878,0.467165707,-0.814448646,1.053582393,2.707955584,0.97600309,1.451187633,-2.567722013,0.24035486
2.797571461,1.413633851,1.764832595,2.107634067,1.169667568,0.764479873,-0.158009878,1.162177146,-0.912460711,1.691970999,2.972218336,1.495008415,1.239910994,-2.506922857,0.099731482
2.837605789,1.417738911,2.12386797,0.860537389,1.443611571,0.503825679,-0.520847375,1.27931025,-1.010472777,2.436712435,2.710527641,1.142911184,0.992181434,-2.345461683,0.029256668
2.651563913,1.45789387,2.159771507,1.37198715,1.509668991,0.6661198,0.386246368,1.195298102,-0.912460711,2.330137663,2.689439515,1.709742586,1.115229825,-2.081145376,-0.082777374
2.719857766,1.427850707,2.159771507,1.911461556,1.443611571,0.779233884,0.930502614,1.046772269,-0.912460711,1.56737899,2.523422976,1.948041358,1.183127494,-1.769572698,-0.219204609
2.79050658,1.439389276,1.728929057,0.958623644,1.18521049,0.407924607,1.47475886,1.53520979,-0.912460711,1.466318175,2.982973261,1.570050497,0.805729752,-1.383603917,-0.319674602
2.507911326,1.435345859,1.69302552,0.762451133,0.882123507,0.235794479,-0.520847375,0.808520973,-0.912460711,-0.079288334,2.359145326,1.277039044,0.599306181,-1.195232704,-0.409448494
2.371323621,1.450184305,1.908446745,1.154796155,1.119153071,1.303001274,0.023408871,0.899588353,-0.814448646,0.125888543,1.827752571,2.15808646,1.497204274,-1.24881652,-0.522995519
2.041629158,1.448006042,2.26748212,0.99365445,0.40417865,0.766938875,0.567665117,2.76609349,-0.618424515,0.122932719,1.511838478,0.425688158,0.955785175,-1.05609209,-0.705792563
2.241800796,1.306875302,2.482903345,0.580290944,0.29732106,0.806282904,0.749083865,1.849401399,-0.618424515,-0.28948364,0.677940505,0.600924621,0.924979788,-0.750863951,-0.872148133
1.985110108,1.071232669,2.770131645,1.175814639,-0.12622357,0.577595734,0.749083865,2.253521791,-0.618424515,-0.167797588,0.163072572,0.984830191,0.655726595,-0.482085506,-0.826389284
1.872072007,0.882156053,3.12916702,0.0478227,-0.386567516,0.462022648,0.749083865,3.035961167,-0.52041245,-0.394060547,-0.209487875,0.612306206,0.488925182,0.161769727,-0.841740753
2.15702222,0.700495176,2.26748212,0.279026016,-0.456510666,0.417760615,0.930502614,1.693921995,-0.716436581,-0.601892643,-0.424173218,1.189048615,0.385950827,0.479355132,-0.843823084
1.773163668,0.407841915,1.441700757,0.131896633,-0.485653645,0.442350633,0.567665117,2.489434898,-0.716436581,-0.947992928,-1.002126455,0.83175712,0.348828926,0.723083894,-0.812673934
1.589476753,0.022323629,1.046761845,-0.162362134,-0.736283266,0.786610889,1.47475886,2.486486746,-0.716436581,-0.989723362,-0.666488677,0.953868891,0.598558325,0.903744004,-0.83672297
1.09729002,-0.278086672,1.082665382,-0.729861184,-0.641082867,0.439891631,1.293340111,2.341722348,-0.618424515,-0.952092824,-1.049149853,0.582226502,0.246815014,1.034032057,-0.840546582
0.788790202,-0.18192562,1.046761845,-1.318378717,-0.479825049,0.132516402,1.293340111,1.666859998,-0.716436581,-0.836379387,-0.870501602,0.184953484,-0.062347814,1.084867187,-0.747855483
0.560359039,-0.526665147,0.68772647,-1.003101467,-0.186452393,-0.179776831,0.930502614,2.052742516,-0.912460711,-0.778089985,-0.904540176,0.364425984,-0.369662444,0.922080109,-0.655759496
0.218889775,-0.993938919,0.68772647,-1.472514262,-0.155366549,0.036615331,0.567665117,1.301289227,-0.814448646,-0.774120327,-1.056835179,0.349621112,-0.211734175,0.86176185,-0.6148863
0.105851674,-1.904509072,-0.066247818,-0.855972084,-0.567253987,-0.123219789,0.567665117,1.094186676,-0.912460711,-0.974703401,-1.356655962,0.313557631,-0.373748392,0.75377633,-0.546880993
-0.306266404,-2.341422913,-0.89202918,-1.290354073,-0.316624367,-0.305185924,0.749083865,2.843457048,-0.814448646,-0.702775931,-1.669375972,-0.164122652,-0.550126754,0.495193694,-0.442901504
-0.574731895,-1.535181864,-0.999739793,-1.325384878,-0.541996738,-0.263382893,0.930502614,2.843457048,-0.814448646,-0.582596786,-1.576882376,-0.232457312,-0.527266599,0.23900229,-0.354994079
