S&P500 12MF EPS YoY,S&P500 12MF EPS Drawdown(12M)\,EM 12MF EPS YoY,US BEI 5Y5Y,Copper/금 Ratio,독일 제조업 3개월후 수출기대지수???,미국 CEO Confidence Index???,독일 ZEW 현재 경제 상황,WTI YOY???,LME YOY???,Citi Macro Risk Index???,US State Coincident Index,컨퍼런스보드,미시간대,NFIB Small Business,MFG ISM,NON MFG ISM,Philly FED,NAHB,EM/CN,DM/EU,American Association of Individual Investors % Bullish,StateStreet Investor Confidence Index,Credit Managers' Index,Homebuyer Confidence,China MFG PMI,ISM New Order Index - Inventory Index,ISM New Order Index,"New York Fed, Weekly Economic Index",엠파이어스테이트 제조업 지수,미국 경기 선행지수 LEI,경기 체감 지수,내구재 구입 여건,실업률 서베이,미국 존슨 레드북 지수,Sahm Rule Recession Indicator
1.911158389,0.439026517,3.055396919,1.378240527,0.540078992,1.338569963,-0.80597503,-0.825059209,0.008558385,0.964554566,-0.919240059,0.408687976,-1.712679521,-0.492119981,-1.30871669,0.556433967,-0.578120753,0.266069305,-1.91356126,0.179878983,0.730485926,-0.361830489,-0.435172478,-0.387312215,0.587266558,0.884578543,0.839842384,0.386727453,0.940217772,0.947135752,1.375368172,-1.112187266,0.183944478,-0.448430123,-0.235617591,0.009026259
1.750984242,0.439026517,2.783267426,0.973805191,1.081484179,1.38463776,-2.52456861,-0.773735948,0.26958246,0.950616298,-0.269983739,0.408687976,-1.846644254,-1.125650312,-1.5043987,0.457554901,-0.513862082,-0.183557201,-2.012593646,0.105933432,0.787002363,-0.902815473,-0.060787275,-0.855657838,0.529545368,0.35061616,-0.124197936,-0.204663251,0.878456835,-0.037046412,1.199433903,-0.998962908,-0.462409545,-0.691460435,-0.296846562,0.233149155
1.644026703,0.439026517,2.550072879,0.565202806,1.544718564,1.32755375,-1.97774338,-1.16423902,-0.001376629,0.532791908,0.081469436,0.272458651,-1.757334432,-1.040664536,-1.468820153,0.5317142,-1.220707464,-0.433349704,-2.062109838,0.085827975,0.863135553,-0.842542117,-0.021788816,-0.727927213,0.587266558,0.647261928,-0.681533746,-0.310810301,0.746111969,0.281964358,1.023499635,-0.606791035,-0.462409545,-0.81297559,-0.322751127,0.253523964
1.506911503,0.439026517,2.03925909,1.005058065,1.628679796,1.607966431,-2.227720628,-1.362837725,0.022658316,0.873136972,0.240146226,0.272458651,-1.94407315,-1.094746393,-1.397663058,0.25979677,-0.931543444,-0.395880828,-2.062109838,0.112409709,0.949045582,0.538897919,-0.676962922,-0.51504284,0.414102988,1.893174155,-1.540132156,-0.62925145,0.70640851,0.275176895,0.973232701,-0.515486979,-0.534226659,-1.177521057,-0.329816008,0.212774347
1.225872751,0.439026517,1.91818981,1.450006385,1.761859682,1.552885369,-1.774636866,-1.367300617,0.00692288,1.159431641,0.441561176,0.068114663,-1.891299165,-1.133376291,-0.935141944,0.655313032,-0.288956734,-0.645673331,-1.963077453,0.171904463,1.034387924,1.593260162,-0.66916323,-0.046697217,0.529545368,2.427136538,-0.606218096,0.26541654,0.516714202,0.634912445,0.847565366,-0.645371712,-0.677860886,-1.056005902,-0.376915217,0.212774347
1.048587482,0.439026517,1.630261308,1.784759387,1.753174037,1.368614178,-0.680986406,-1.559204984,0.001297423,0.928368567,0.656615966,-0.136229325,-1.570595714,-0.832063085,-0.686092114,0.754192098,0.064465957,0.534596246,-1.91356126,0.233815737,1.11077342,1.026774912,-0.029588508,-0.004120343,0.587266558,2.723782306,-0.124197936,0.341235861,0.485833733,-0.899054239,0.797298432,-0.407292056,-0.103323976,-0.691460435,-0.334525929,0.144858317
1.076968672,0.439026517,1.741211625,2.163960921,2.29168401,1.486788094,-0.665362828,-1.329366033,0.289375011,0.891440682,1.003522528,0.408687976,-1.343261623,-0.608009675,-0.775038482,0.581153733,0.225112635,0.30353818,-1.91356126,0.281082893,1.170002141,2.729813345,0.578787447,0.336494655,0.414102988,1.952503309,0.628958564,0.538366096,0.618178599,0.410926159,0.847565366,-0.152563845,0.183944478,-0.691460435,-0.17674358,0.185607935
0.976684566,0.439026517,1.712792593,1.989176332,2.876517421,1.741162455,-0.040419708,-1.112915759,0.157946789,0.884609992,1.20539214,0.408687976,-1.2864281,-0.631187614,-0.525988651,1.199147892,0.450017983,0.365986306,-1.91356126,0.321390468,1.200720338,1.803373925,0.313597928,0.591955904,0.471824178,1.359211772,1.351988803,1.281395443,0.472599247,0.254814506,0.721898031,0.15787231,-0.390592431,-0.569945279,-0.334525929,0.253523964
0.974695917,0.439026517,1.652324037,1.724105662,3.116820258,1.540867683,0.178310384,-0.666626534,0.234668703,1.587413286,0.977606835,0.408687976,-0.994141411,-0.376230286,-0.383674462,1.223867659,0.578535326,1.140343065,-1.91356126,0.357396635,1.189114284,0.920558927,-0.388374328,0.591955904,0.587266558,0.943907696,1.668314533,1.23590385,0.322608399,0.424501086,0.8978323,0.043660977,-0.103323976,0.280660811,-0.38869002,0.416522434
0.999722978,0.439026517,1.501175904,1.78915794,2.43354954,1.461751248,-0.399762002,-0.546128443,0.463046802,0.901965366,0.473387467,0.408687976,-1.327023473,-1.148828251,-0.792827755,1.026109528,-0.128310056,1.608704009,-1.864045067,0.386781533,1.135373208,-0.292916547,0.040608718,0.293917781,0.702708938,1.65585754,1.095915594,0.796151787,0.274081948,0.444863475,0.721898031,-0.463786034,-0.17514109,-0.448430123,-0.487598358,0.301065184
0.832989739,0.439026517,1.462291332,2.067887273,2.065857247,1.230410786,-0.087290442,-0.528276874,0.547032024,0.678163846,0.876217368,0.408687976,-1.237713652,-0.971130719,-1.05966686,0.902510696,-0.321086069,0.141173053,-1.91356126,0.393982766,1.03741559,0.161451832,0.040608718,0.336494655,0.356381798,1.359211772,0.674147954,0.765824059,0.247612975,0.89962351,0.696764564,-0.566910151,-0.031506863,-0.569945279,0.028137979,0.233149155
0.752950672,0.439026517,1.613782547,1.611132312,1.408643464,1.038127804,-0.290396956,-0.711255456,0.710352425,1.072121416,0.198317387,0.272458651,-1.412273757,-0.623461635,-1.130823954,0.136197939,-0.38534474,-0.277229389,-1.91356126,0.38190016,0.898710631,-0.841909879,0.586587139,-0.344735341,0.414102988,0.825249389,-0.154324196,-0.219827116,0.000569225,0.288751822,0.747031498,-0.585426276,-0.246958204,-0.083884656,0.004588375,0.233149155
0.757209729,0.439026517,1.468475808,1.634282588,1.431805183,0.822810924,-1.43091815,-1.09506419,0.488180781,1.449975693,-0.395470255,0,-1.578714789,-0.839789065,-1.006299039,0.383395602,-0.642379425,-0.689387019,-2.062109838,0.348213854,0.723547525,-0.692069472,0.188802861,-0.344735341,0.356381798,0.172628699,-0.425460536,-0.219827116,-0.00384227,-0.756517512,0.696764564,-1.152517312,-0.318775318,-0.569945279,-0.087255083,0.212774347
0.733836816,0.439026517,1.316319431,2.085481483,1.715536244,0.405196324,-1.602777508,-1.302588679,0.481700767,1.538880459,-0.490039803,-0.068114663,-1.513762191,-1.442415477,-1.184191775,-0.333477622,-0.867284773,-0.221026076,-1.963077453,0.289250735,0.52586615,0.369247388,0.446192688,-0.174427842,0.298660608,0.053970391,0.644021694,0.128941762,0.018215207,-0.804029754,0.822431899,-1.834422504,-0.677860886,-1.420551369,0.061107425,0.233149155
0.64952993,0.439026517,1.064616713,1.628958025,0.372156528,0.055681947,-1.524659618,-1.699786089,0.117477121,0.614866141,-2.021793682,-0.136229325,-2.08209742,-2.052767869,-1.593345068,-0.407636922,-0.867284773,-1.875901409,-1.963077453,0.201579344,0.32288636,-0.93147693,-0.676962922,-0.983388462,0.067775849,0.172628699,-1.012922606,-0.477612807,-0.039134235,-0.661493027,0.57109723,-2.153818266,-0.965129341,-1.66358168,0.082302069,0.233149155
0.557067113,0.439026517,0.512855884,0.524458319,-0.235838603,-0.351917915,-2.180849894,-1.893921902,0.13474829,-0.007764657,-2.216388714,0.408687976,-2.033382972,-1.766906622,-1.415452332,-0.135719491,-1.2528368,-1.351337152,-2.012593646,0.100858738,0.1361172,-0.905344425,-0.528768779,-0.51504284,0.298660608,0.35061616,-1.118364516,-0.644415314,-0.114129658,-0.68864288,0.269495626,-1.615314045,-0.749678,-1.906611992,0.101141753,0.253523964
0.278259437,-0.093888864,0.435992353,0.641135714,-0.577473961,-0.023434488,-2.180849894,-1.67077729,-0.058662857,-0.762748747,-1.861752909,0.340573314,-2.256657526,-1.666468887,-1.184191775,-0.704274118,-1.092190122,-0.277229389,-1.864045067,0.005261157,-0.021069139,-0.11462543,-0.123184809,-0.557619714,0.356381798,-0.12401707,-0.320018626,-0.614087585,-0.025899748,-0.783667364,0.445429895,-1.039730296,-0.677860886,-1.66358168,0.098786792,0.280690376
0.203815285,-0.100616564,0.193445403,0.536496463,-0.641168689,-0.529178788,-1.634024664,-1.440938339,0.182045405,-0.759246862,-1.849477054,0.408687976,-1.676143685,-1.442415477,-0.899563397,-0.605395052,-1.060060786,-0.408370453,-1.765012681,-0.068926046,-0.142365017,0.285159734,0.204402244,-0.642773464,0.356381798,-0.954625221,0.628958564,-0.174335523,-0.047957226,-0.064196265,0.244362159,-0.877027165,-0.677860886,-1.177521057,-0.193228303,0.321439993
0.124767469,0.091479655,-0.08972991,0.636274156,-0.31690462,-0.148618721,-1.243435214,-1.13523022,0.065064642,-1.008411762,-1.51621033,0.340573314,-1.2864281,-0.963404739,-0.561567199,-0.308757856,-1.156448793,-0.514532267,-1.665980296,-0.115564906,-0.232059629,-0.168154914,-0.177782651,-0.259581591,0.471824178,-0.183346223,0.704274214,-0.098516202,-0.127364145,0.397351233,0.068427891,-1.544961046,-0.246958204,-0.934490746,-0.207358065,0.348606405
-0.056263624,0.153812814,-0.096013364,0.816846315,0.021835524,-0.195687992,-0.774727874,-0.900928377,0.102170307,-0.920761367,-0.771929801,0.408687976,-1.420392832,-0.569379777,-0.561567199,-0.01212066,0.353629977,-0.196046826,-1.467915524,-0.129484069,-0.298857515,2.859000644,-0.325976794,-0.089274092,0.587266558,-0.064687916,0.689211084,0.599021553,-0.299412471,0.383776307,0.143828291,-1.0072074,-0.318775318,-0.326914967,-0.2827168,0.348606405
-0.163731782,0.193771275,-0.139725411,0.945330351,0.016045094,-0.084524394,-0.384138424,-0.626460504,0.150362572,-0.938968037,-0.003552225,0.408687976,-1.01037956,-0.546201838,-0.41925301,-0.234598557,-0.096180721,-0.014947261,-1.319366945,-0.114114994,-0.350769376,1.398952349,-0.793958298,0.336494655,0.529545368,0.231957852,0.478327264,0.341235861,-0.25088602,0.791024099,0.143828291,-0.349669262,-0.246958204,0.402175967,-0.358075534,0.301065184
-0.2419273,0.439026517,-0.302121719,1.156923881,0.259243146,0.04366426,-0.462256314,-0.541665551,-0.115502187,-0.883525767,0.420192096,0.408687976,-1.095629844,-0.476668022,-0.66830284,-0.185159024,-0.192568727,-0.114864262,-1.319366945,-0.088113225,-0.407411965,0.815818165,-0.403973711,0.506802154,0.644987748,1.477870079,0.372885354,0.144105626,-0.162656109,0.655274835,-0.032105977,0.046574622,-0.390592431,0.402175967,-0.216777907,0.301065184
-0.297628533,0.439026517,-0.510368742,1.172666069,0.152120195,0.143811646,-0.64973925,-0.503730967,-0.34162288,-1.059154882,0.304708129,0.340573314,-1.128106143,-0.461216062,-0.47262083,0.235077004,-0.288956734,-0.314698265,-1.517431717,-0.059501613,-0.479192885,-0.595969296,-0.75495984,0.038456532,0.529545368,1.596528387,0.568706044,0.477710639,0.000569225,0.132640168,-0.082372911,0.153717559,-0.318775318,-0.205399812,-0.153193975,0.253523964
-0.343181489,0.439026517,-0.72145456,0.895557256,0.123168046,0.038656891,-0.49350347,-0.548359889,-0.353198568,-0.97515201,-0.263618481,0.204343988,-1.302666249,-0.237162653,-0.508199378,-0.259318323,-0.353215405,-0.71436627,-1.319366945,-0.021900542,-0.559678346,-0.94306796,-0.80175799,-0.174427842,0.760430128,-0.12401707,0.794652994,0.326071996,0.088799136,0.567037813,-0.208040246,-0.564268368,-0.103323976,0.159145656,-0.299201523,0.253523964
-0.378982373,0.439026517,-0.826375266,0.806660193,-0.31690462,-0.588265746,-1.11844659,-0.617534719,-0.546344725,-1.173408618,-0.327725723,0.136229325,-1.371678384,-0.708447411,-0.881774124,-1.173949679,-0.835155438,-1.445009341,-1.269850753,0.020291919,-0.641299181,-0.910402329,-0.271378952,-0.217004716,0.702708938,-0.242675377,-0.109134806,-1.326789204,-0.034722739,-0.288182551,-0.308574114,-1.253856599,-0.606043772,-0.326914967,-0.395754901,0.233149155
-0.566584885,0.209547127,-0.89370683,0.616364918,-0.125820436,-0.584259851,-1.43091815,-0.784893179,-0.429737045,-1.325577717,0.558863789,0.136229325,-1.262070876,-0.777981228,-0.952931218,-1.149229912,-1.317095471,-1.457498966,-0.972753595,0.065045893,-0.715098545,-0.953394514,-0.193382034,-0.685350339,0.644987748,-0.302004531,-1.088238256,-1.250969883,-0.08324919,-0.179583139,-0.409107981,-1.233124214,-0.318775318,-0.569945279,-0.546472369,0.233149155
-0.522774776,0.364414904,-0.845172536,0.85828531,-0.31690462,-0.923759489,-1.462165306,-0.914317054,0.03015528,-1.089150743,1.426357526,0.272458651,-1.428511907,-0.623461635,-0.739459935,-1.297548511,-1.317095471,-0.820528083,-0.87372121,0.109509884,-0.776976474,0.063454941,-0.450771862,0.336494655,0.644987748,-0.835966914,-1.916710406,-1.660394217,-0.061191712,-0.580043468,-0.33370758,-0.847169692,0.112127365,-0.569945279,-0.541762448,0.253523964
-0.47023844,0.439026517,-0.442705507,1.188871263,-0.250314677,-1.01990098,-1.259058792,-0.961177422,0.06447143,-0.456425381,1.705974218,0.272458651,-1.140284755,-0.314422449,-0.739459935,-0.852592716,-0.770896767,-0.670652582,-0.725172631,0.156197074,-0.822643773,-0.335487239,-0.739360456,0.123610282,0.933593697,-0.479991992,-0.470649926,-0.583759857,0.013803712,-0.865116923,-0.082372911,-0.120419191,-0.103323976,0.159145656,-0.405174743,0.321439993
-0.332431748,0.335399645,-0.527400952,1.479407237,-0.287952471,-1.306322504,-1.8215076,-0.883076808,-0.103069884,-0.085003299,1.71006617,0.408687976,-0.9494865,0.017794676,-0.686092114,-0.926752015,-0.610250089,-0.733100707,-0.675656438,0.213565289,-0.846234339,-0.902815473,-1.215141652,-0.259581591,0.644987748,-0.242675377,-0.606218096,-0.644415314,-0.047957226,-0.709005269,-0.157773312,0.171276259,-0.246958204,0.523691123,-0.60534638,0.321439993
-0.293808712,0.439026517,-0.312096775,1.292584503,-0.47614144,-0.630327648,-2.008990536,-0.929937177,-0.455961607,-0.238318745,1.277683285,0.408687976,-1.014439097,0.025520655,-1.717869983,-1.544746174,-0.738767431,-1.313868277,-0.477591667,0.285480962,-0.840431312,-0.65582116,-1.269739494,0.081033407,0.760430128,-0.005358762,-0.892417566,-1.235806018,-0.131775641,-0.451081667,-0.208040246,0.150130171,-0.031506863,0.523691123,-0.659510471,0.321439993
-0.269559631,0.439026517,-0.169627175,1.422226053,-0.125820436,-0.491122781,-1.852754756,-0.804976194,-0.449672193,0.045117417,1.325877382,0.408687976,-1.20929689,-0.73162535,-1.575555794,-1.025631081,-0.160439392,-0.508287455,-0.378559281,0.364936181,-0.805865456,0.608865592,-1.199542268,-0.046697217,0.702708938,-0.005358762,-0.741786266,-1.175150562,-0.065603208,-0.790454828,-0.308574114,0.123475935,-0.103323976,-0.083884656,-0.452273952,0.212774347
-0.306707168,0.386559973,-0.320259831,1.567378288,0.00156902,-0.332889911,-1.540283196,-0.711255456,-0.326711315,-0.231273804,1.655961477,0.136229325,-1.54623849,-0.662091533,-1.433241605,-0.234598557,-0.096180721,-0.751835145,-0.378559281,0.441104931,-0.743609069,1.047006528,-0.832956757,-0.174427842,0.875872507,-0.12401707,-0.184450456,-0.174335523,0.154971569,-0.905841702,-0.233173713,-0.305219925,0.040310251,-0.448430123,-0.522922765,0.165233126
-0.2684381,0.439026517,-0.394030711,1.527791315,0.169491484,0.298038621,-1.009081544,-0.646543519,-0.358987997,-0.396964623,1.274500656,0.136229325,-1.156522905,-0.368504306,-1.05966686,-0.01212066,0.128724628,-0.995382835,-0.428075474,0.504562779,-0.663691296,0.072095527,-0.419573095,-0.046697217,0.529545368,-0.302004531,0.463264134,0.432219046,0.004980721,0.227664653,-0.308574114,-0.068777347,0.183944478,-0.326914967,-0.419304505,0.165233126
-0.267725388,0.439026517,-0.350509031,1.490750872,-0.044754419,0.038656891,-1.134070168,-0.577368689,-0.498505811,-0.596923998,1.134010318,0.340573314,-1.404154683,-0.29124451,-1.219770322,-0.580675286,-0.096180721,-0.539511517,-0.52710786,0.560481081,-0.577592037,-0.057513263,-0.676962922,-0.344735341,0.760430128,0.172628699,-0.335081756,-0.568595993,-0.114129658,-0.064196265,-0.484508382,-0.12424889,0.255761592,-0.083884656,-0.334525929,0.253523964
-0.433090473,0.439026517,-0.288023999,1.3006871,0.033416384,0.171852915,-0.321644112,-0.474722167,-0.460370297,-0.671960034,0.772099933,0.408687976,-1.115927531,-0.461216062,-0.917352671,-0.803153183,-0.610250089,-0.645673331,-0.675656438,0.60692662,-0.488843571,-1.02315144,-0.294778027,-0.727927213,0.760430128,-0.005358762,0.162001534,-0.462448943,-0.237651533,-0.091346118,-0.308574114,0.201169192,-0.031506863,-0.326914967,-0.459338833,0.321439993
-0.454795303,0.439026517,-0.143987942,1.252534524,0.375051742,-0.237749895,-0.64973925,-0.474722167,-0.190226155,-0.518911519,0.756641449,0.272458651,-0.900772052,0.164588289,-0.508199378,-0.852592716,-0.449603411,-0.651918144,-0.52710786,0.651632263,-0.392147481,0.460289661,-0.146583884,0.251340906,0.875872507,0.113299545,-0.350144886,-0.598923721,-0.264120506,-0.471444057,-0.283440647,0.220991433,0.399395819,-0.083884656,-0.38869002,0.280690376
-0.411705276,0.439026517,-0.245150359,0.649469814,0.496650768,0.001602358,-0.290396956,-0.456870598,0.206770084,-0.389274489,-0.381375755,0.340573314,-0.584128139,0.13368437,-0.508199378,-0.778433417,-0.835155438,0.128683428,-0.180494509,0.695419628,-0.286873003,-0.538014146,0.781579433,0.46422528,0.991314887,-0.302004531,-0.395334276,-0.614087585,-0.070014703,-0.091346118,-0.157773312,0.508425751,0.183944478,-0.205399812,-0.329816008,0.233149155
-0.315803076,0.439026517,-0.162988693,0.956442484,0.684839737,0.022633309,-0.680986406,-0.296206477,0.276129883,-0.501068441,0.029183388,0.408687976,-0.628783049,0.210944167,-0.437042283,-0.110999725,-0.321086069,0.328517431,0.067086455,0.735968855,-0.175164734,2.022971258,0.851776658,0.208764031,0.991314887,-0.183346223,0.463264134,0.05312244,-0.012665261,-0.043833875,-0.082372911,0.86272615,0.543030047,-0.569945279,-0.275651918,0.301065184
-0.310300107,0.439026517,-0.148729118,1.306474669,0.658782803,0.293031252,-0.712233562,-0.220337309,0.13062566,-0.271713832,0.137847436,0.408687976,-0.596306751,-0.020835223,-0.508199378,-0.061560192,-0.288956734,-0.146088325,0.166118841,0.761438989,-0.060491876,-0.064889374,0.63338529,0.591955904,0.644987748,0.231957852,0.659084824,0.295744268,-0.008253766,0.261601969,0.143828291,0.509040394,0.183944478,0.0376305,-0.136709252,0.301065184
-0.251249269,0.439026517,-0.037729312,1.068026818,0.664573233,0.503340763,-0.899716498,-0.142236695,0.110817983,-0.702307232,-0.000369596,0.408687976,-0.661259348,-0.376230286,-0.543777925,0.086758406,-0.835155438,0.603289184,0.116602648,0.766513684,0.046674893,0.444272965,0.352596387,0.677109653,0.587266558,0.291287006,0.824779254,0.629349281,0.093210631,0.125852705,0.219228692,0.207764785,0.183944478,-0.448430123,-0.023671151,0.301065184
-0.1983025,0.439026517,0.016820881,0.948108384,0.852762202,0.406197798,-1.009081544,-0.463564937,0.108784273,-0.590916379,0.556135821,0.272458651,-0.977903261,-0.708447411,-0.952931218,0.086758406,-0.738767431,0.184886741,-0.031945931,0.753174487,0.134981825,1.343526151,-0.099785734,0.719686528,0.644987748,0.469274467,-0.109134806,0.204761083,0.022626703,-0.152433287,0.219228692,-1.301544633,-0.031506863,-0.81297559,-0.216777907,0.253523964
-0.209483969,0.439026517,-0.123577803,0.971490164,0.928037789,0.863871353,-0.899716498,-0.249346109,0.011597104,-0.548693226,0.982608109,0.272458651,-0.994141411,-0.561653798,-0.828406303,0.309236303,-0.995802115,-0.364656765,-0.031945931,0.72398291,0.205438141,0.796429532,-0.435172478,0.889994027,0.471824178,0.469274467,-0.018756026,0.523202231,0.207909515,-0.247457771,0.445429895,-0.30241266,-0.031506863,-0.569945279,-0.164968777,0.301065184
-0.247709457,0.439026517,-0.161972617,1.135857129,1.434700398,0.464283282,-0.243526222,-0.177939833,0.07599373,-0.686900692,0.804380884,0.272458651,-0.770866857,0.010068696,-0.543777925,0.556433967,-0.867284773,-0.420860078,0.116602648,0.674975859,0.262333036,1.695471973,-0.076386658,0.251340906,0.933593697,0.231957852,0.900094904,1.190412257,0.079976145,-0.179583139,0.470563362,0.784802402,0.686664274,-0.448430123,-0.2827168,0.348606405
-0.234335652,0.427900731,-0.359916699,1.190260279,1.336263091,0.736684172,-0.212279066,0.241572038,-0.191523572,-0.698413894,0.66889182,0.408687976,-0.693735647,-0.090369039,-0.508199378,-0.432356688,-0.321086069,0.291048555,0.067086455,0.606636637,0.312415681,0.66007687,1.366556313,0.975147777,0.702708938,-0.064687916,0.749463604,-0.219827116,-0.1714791,0.472013328,0.31976256,0.978769593,0.399395819,-0.326914967,-0.247392393,0.368981213
-0.300363053,0.38241523,-0.299076001,0.842080117,0.818019623,0.476300968,-0.618492094,0.201406008,-0.054189062,-0.781812253,0.362450112,0.408687976,-0.738390558,-0.059465121,-0.935141944,0.185637471,-0.899414109,-0.527021892,-0.428075474,0.531144513,0.353604557,0.590952182,2.021730419,0.251340906,0.644987748,-0.242675377,0.327695964,0.386727453,-0.096483676,0.064765536,0.420296428,0.753166011,0.399395819,-0.934490746,-0.294491602,0.280690376
-0.296350028,0.439026517,-0.21602077,0.631412598,0.172386699,0.452265596,-0.118537598,0.172397209,0.007179705,-0.663389862,0.624335014,0.408687976,-0.511056466,-0.183080795,-0.508199378,0.408115369,-0.417474076,0.116193803,-0.428075474,0.457537276,0.382935074,0.377677229,1.834537817,0.208764031,0.529545368,-0.183346223,0.071622754,0.417055182,0.181440542,-0.206732992,0.721898031,0.520299001,0.399395819,-1.299036213,-0.353365613,0.233149155
-0.190056393,0.439026517,-0.260892923,0.611734862,0.404003892,0.516359923,-0.290396956,0.350912899,0.073398675,-0.325535749,0.89804111,0.408687976,-0.600366288,0.13368437,-0.365885189,0.581153733,-0.160439392,0.378475931,-0.428075474,0.387313168,0.390819621,-0.298395943,1.733141824,0.421648405,0.529545368,-0.12401707,-0.244702976,0.189597218,0.154971569,-0.118495971,0.596230696,0.623452668,0.327578706,-0.569945279,-0.28742672,0.321439993
-0.120061662,0.439026517,-0.113552102,0.62493052,0.635621084,0.293031252,-0.18103191,0.261655054,-0.011200776,-0.204380468,1.075359012,0.408687976,-0.580068601,-0.036287182,-0.116835358,0.358675836,-0.064051385,0.484637745,-0.477591667,0.327383441,0.37341054,0.057554053,1.701943058,0.762263403,0.587266558,0.113299545,-0.124197936,0.280580404,0.185852037,0.791024099,0.64649763,0.337738169,0.040310251,0.280660811,-0.075480281,0.321439993
-0.174179463,0.439026517,-0.008525594,0.615901912,0.621145009,0.093737953,-0.462256314,0.382153144,0.047414438,-0.077009775,1.274045995,0.272458651,-0.409568033,0.010068696,-0.259149547,0.185637471,0.192983299,0.216110804,-0.279526895,0.27953632,0.335690865,1.191367538,1.7565409,0.46422528,0.587266558,0.231957852,-0.184450456,0.113777897,0.049095676,0.675637224,0.797298432,0.488095247,0.112127365,-0.448430123,-0.200293184,0.368981213
-0.063802188,0.439026517,-0.083473595,0.659655935,0.76880097,-0.074509655,-0.18103191,0.335292776,-0.24648999,0.231038375,0.780283836,0.136229325,-0.251246076,-0.044013161,-0.152413906,0.210357238,0.225112635,0.671982122,-0.081462124,0.244690083,0.288068199,0.045330785,1.467952305,0.762263403,0.529545368,0.647261928,0.282506574,0.204761083,0.088799136,1.028585311,0.8978323,0.304523799,0.327578706,-0.448430123,-0.082545162,0.233149155
-0.092441203,0.439026517,-0.013482679,0.536033457,0.719582316,-0.207705679,0.100192494,0.511577019,-0.433439953,0.010493437,0.175584323,0.068114663,-0.125400418,0.010068696,-0.170203179,0.506994434,0.578535326,0.771899123,0.017570262,0.219944905,0.241643983,1.10222198,1.818938434,0.762263403,0.587266558,0.291287006,0.523516654,0.614185417,0.177029046,0.695999614,0.772164965,0.396164727,0.327578706,-0.569945279,0.018718137,0.280690376
-0.142052839,0.439026517,-0.369047822,0.270499783,0.873028706,-0.480106569,0.256428274,0.819516585,-0.497494506,-0.039398508,-0.278167643,0.272458651,-0.304020062,0.172314269,-0.276938821,0.358675836,0.353629977,0.684471747,0.215635033,0.200564405,0.208528884,0.979989299,2.11532672,-0.046697217,0.529545368,0.291287006,0.312632834,0.432219046,0.119679604,1.59873222,0.747031498,0.730761086,0.399395819,-0.569945279,0.030492939,0.280690376
-0.234720869,0.214586151,-0.499566362,-0.030453816,0.803543548,-0.492124255,0.13143965,0.77042477,-0.588259451,-0.259535778,-1.49847854,0.408687976,-0.096983657,0.3500118,-0.152413906,0.482274668,-0.128310056,0.478392932,-0.031945931,0.193363171,0.193201323,0.926670561,1.483551689,0.847417152,0.760430128,0.113299545,0.207190924,0.568693824,0.185852037,0.024040757,0.721898031,0.562425696,0.255761592,-0.083884656,-0.035445953,0.348606405
-0.279554228,0.155324289,-0.611131531,-0.179310095,1.023579881,-0.349914967,0.740759192,0.873071292,-0.666109255,-0.119574006,-1.229319057,0.408687976,-0.222829315,0.496805414,0.167793019,0.506994434,0.642793997,1.577479946,0.166118841,0.202449291,0.197048983,3.281124884,1.319758162,0.336494655,0.644987748,-0.183346223,0.553642914,0.84164338,0.181440542,0.417713623,0.621364163,0.965862087,0.758481388,0.280660811,-0.056640597,0.301065184
-0.40782655,-0.090106439,-0.865372373,-0.437435682,0.563240711,-0.290828009,0.303299008,1.147539165,-1.160797211,-0.374822416,-1.821742716,0.408687976,-0.13757903,0.867652437,0.61252486,0.358675836,0.321500641,0.69071656,0.166118841,0.216416784,0.221207236,1.559330056,1.202762786,-0.046697217,0.991314887,-0.302004531,0.598832304,0.326071996,0.371134849,-0.566468542,0.721898031,1.386916277,0.830298501,0.159145656,0.011653256,0.301065184
-0.661084063,-0.884095321,-0.844686655,-0.850668122,-0.31111419,-0.086527342,0.67826488,1.221176887,-1.42294853,-0.721757939,-2.089083553,0.408687976,0.296791466,1.21532152,0.150003746,-0.086279959,0.000207286,0.166152304,0.116602648,0.221153166,0.263720716,1.446370199,0.765980049,0.038456532,0.933593697,-0.479991992,-0.244702976,-0.265318708,0.190263533,0.451650939,0.696764564,1.418558579,1.045749843,0.402175967,-0.117869569,0.233149155
-0.682322903,-0.992970767,-0.905271827,-0.788393878,-0.232943388,0.042662786,0.272051852,1.189936641,-1.411089118,-0.714060743,-1.571679007,0.272458651,0.093814599,1.00672007,0.22116084,-0.308757856,0.450017983,-0.021192074,0.017570262,0.236715563,0.31191107,1.625715046,0.641184981,-0.387312215,0.818151318,-0.420662838,-0.244702976,-0.325974165,0.177029046,0.322689138,0.57109723,1.086397152,0.758481388,0.523691123,-0.38869002,0.301065184
-0.71571024,-0.823718547,-1.040746562,-0.665465908,0.244767072,0.375152108,0.318922586,1.004726613,-1.479129226,-0.574105941,-1.224317783,-0.068114663,0.19936257,0.821296559,-0.205781726,-0.531235753,0.707052668,-0.214781263,-0.130978317,0.285045988,0.354487627,0.287056448,1.545949223,-0.685350339,0.529545368,-0.302004531,-0.500776186,-0.5231044,-0.012665261,-0.145645823,0.395162961,0.933912464,0.758481388,0.159145656,-0.358075534,0.280690376
-0.827196849,-0.826827436,-0.990529603,-0.582356414,0.247662287,0.380159478,0.381416898,0.911005876,-1.333337228,-0.614833318,-1.026085461,-0.204343988,-0.088864582,1.045349968,-0.063467537,-0.580675286,0.417888648,-0.083640199,0.067086455,0.3363729,0.378519727,0.174096592,1.327557854,-0.472465965,0.818151318,-0.302004531,-0.395334276,-0.492776672,-0.017076757,-0.389994499,0.470563362,1.017178879,0.902115615,0.280660811,-0.628895985,0.301065184
-0.825288387,-0.494133402,-1.068896215,-0.292283446,0.563240711,0.33409168,0.20955754,0.596371972,-1.215863838,-0.56668419,-0.804665414,-0.204343988,-0.07668597,0.643599027,0.185582293,-0.333477622,0.160853964,-0.30220864,-0.031945931,0.357783278,0.378835109,-0.388173739,1.920334426,-0.387312215,0.933593697,-0.242675377,-0.606218096,-0.41695735,-0.136187136,-0.132070897,0.420296428,0.91359969,0.543030047,-0.205399812,-0.570021974,0.212774347
-0.82207956,-0.374344682,-1.155661082,-0.208710947,0.13764412,0.082721741,-0.040419708,0.509345573,-1.250895395,-0.872705791,-0.882412494,-0.068114663,0.134409972,1.060801928,-0.401463736,-0.432356688,-0.160439392,-0.15857795,0.265151226,0.329219997,0.363570625,-0.387330755,2.364916855,-0.685350339,0.702708938,-0.242675377,-0.561028706,-0.250154844,-0.105306667,-0.722580196,0.395162961,0.502693021,0.973932729,-0.083884656,-0.690124956,0.233149155
-0.907514827,-0.254620283,-1.292307913,-0.209405455,-0.018697485,-0.078515551,0.084568916,0.667778248,-1.426716111,-1.248281813,-0.568696206,0.068114663,-0.222829315,0.829022538,-0.205781726,-0.55595552,1.253251372,-0.37714639,0.265151226,0.249668117,0.345783086,-0.563303666,1.280759704,0.421648405,0.644987748,-0.361333684,-0.515839316,-0.477612807,-0.167067605,-0.281395087,0.118694825,0.243201326,0.902115615,-0.569945279,-0.671285273,0.280690376
-0.91746839,-0.203355771,-1.446718744,-0.630971996,-0.357437629,-0.003405011,-0.212279066,0.752573201,-1.552010088,-1.45941589,-0.972890091,0.272458651,0.195303032,0.736310783,-0.205781726,-1.000911314,0.771311339,-0.289719014,0.314667419,0.148174224,0.330077068,-0.831161833,0.984371418,-0.344735341,0.760430128,-0.539321145,-0.320018626,-0.689906906,-0.158244614,-1.340239347,0.093561358,0.679030592,0.543030047,-0.205399812,-0.60299142,0.348606405
-0.955572121,-0.129214122,-1.436614093,-0.905534278,-0.285057256,-0.079517025,-0.290396956,0.982412152,-1.447948737,-1.363324148,-1.529850169,0.204343988,0.248077018,0.373189739,-0.152413906,-1.025631081,-0.031922049,-0.889221022,0.314667419,0.056394746,0.319984847,-0.299449673,1.545949223,-0.898234712,0.644987748,-0.479991992,-0.606218096,-0.856709413,-0.184713587,-1.258789789,-0.107506378,0.386159046,0.543030047,-0.81297559,-0.675995194,0.301065184
-0.970777958,-0.179332031,-1.2962431,-1.010636535,-0.467455795,-0.393979817,-0.071666864,0.821748031,-1.300378249,-1.26277708,-0.891960382,0.272458651,0.105993211,0.589517169,-0.152413906,-1.272828744,0.225112635,-0.951669147,0.512732191,-0.004888233,0.313424903,0.272936466,1.343157238,-0.472465965,0.702708938,-0.479991992,-0.018756026,-0.598923721,-0.255297515,-1.326664421,-0.082372911,0.262432564,0.686664274,-0.691460435,-0.701899759,0.280690376
-0.917064963,-0.00229587,-1.183795456,-0.766632618,-0.609321325,-0.159634933,-0.33726769,0.890922861,-1.257881695,-1.536605185,-0.194964627,0,-0.157876717,0.689954905,-0.41925301,-1.272828744,-0.031922049,-0.857996959,0.364183612,-0.037752922,0.300305016,0.524145699,0.820577891,-1.025965337,0.702708938,-0.598650299,-0.199513586,-0.902201006,-0.524398742,-1.055165893,-0.057239444,0.633151028,0.830298501,-0.448430123,-0.664220392,0.233149155
-0.791531165,0.411459154,-1.227529582,-1.029619762,-0.710653847,-0.051475756,-0.306020534,1.01811529,-1.102004411,-1.46556857,-0.561876286,-0.136229325,-0.007673835,0.79039264,-0.294728094,-1.37170781,-0.288956734,-1.220196088,0.265151226,-0.056118483,0.271731416,-0.506612992,1.070168027,-0.940811587,0.644987748,-0.539321145,-0.832165046,-1.069003512,-0.603805662,-0.797242291,-0.283440647,1.085699769,1.18938407,-0.569945279,-0.553537251,0.233149155
-0.737979989,-0.199073276,-1.356716521,-1.420627937,-1.060974851,-0.31185896,-0.368514846,0.817285138,-0.999243893,-1.306377342,-1.568496378,-0.476802639,0.053219225,0.744036762,-0.525988651,-1.64362524,-0.770896767,-0.920445085,0.314667419,-0.060564883,0.228082561,-1.413453034,-0.208981418,-0.642773464,0.702708938,-0.717308606,-0.033819156,-0.932528734,-0.665566599,-1.523500854,-0.409107981,0.591337564,1.18938407,-0.934490746,-0.607701341,0.280690376
-0.801717021,-0.514041907,-1.345231014,-1.713710441,-1.362077201,-0.491122781,-0.665362828,0.444633636,-1.165643672,-1.118096625,-1.798100329,-0.408687976,-0.101043194,0.720858823,-0.703881387,-1.248108978,-1.092190122,-1.120279087,0.166118841,-0.045099147,0.177684534,-1.017672044,0.765980049,-0.642773464,0.644987748,-0.954625221,0.252380314,-0.598923721,-0.449403319,-1.272364715,-0.509641849,-0.121246595,0.902115615,-0.81297559,-0.812582899,0.280690376
-0.82528435,-0.417317016,-1.129603788,-1.391690091,-1.182573877,-0.195687992,-0.368514846,0.433476405,-0.699949524,-0.925206179,-0.822397204,-0.476802639,-0.01579291,0.666776966,-0.757249208,-0.803153183,-0.256827398,-0.127353887,0.166118841,0.000186462,0.136369505,0.071674035,1.405554772,-0.302158466,0.587266558,-0.242675377,0.312632834,-0.204663251,-0.542044725,-0.566468542,-0.559908783,0.053252956,0.61484716,-0.691460435,-0.81729282,0.233149155
-0.827648785,-0.428061795,-1.084980192,-1.318535216,-1.286801613,-0.144612826,-0.446632736,0.339755668,-0.79969848,-0.984666975,-0.498678367,-0.272458651,-0.072626433,0.512257373,-0.579356472,-0.728993884,-0.321086069,-0.78930402,0.166118841,0.059149581,0.106282072,0.068512845,0.921973884,-0.174427842,0.644987748,-0.302004531,0.689211084,-0.037860745,-0.422934345,0.207302263,-0.58504225,0.12448655,0.758481388,-1.177521057,-0.786678335,0.165233126
-0.84901647,-0.159748699,-1.137385326,-1.395625638,-1.529999665,-0.111564188,-0.555997782,0.2348777,-0.71231737,-1.191359957,-0.401835513,-0.204343988,-0.165995792,0.952638213,-0.543777925,-0.704274118,-0.67450876,-1.001627648,0.166118841,0.124347324,0.086349936,-1.202707033,0.719181899,-0.51504284,0.644987748,-0.302004531,0.674147954,-0.144007794,-0.286177984,-0.899054239,-0.660442651,0.394598569,0.973932729,-0.569945279,-0.793743216,0.185607935
-0.807514301,0.097031813,-1.058849404,-1.772743647,-1.625541757,-0.132595139,-0.821598608,0.286200961,-0.643047196,-0.870198501,-0.593702577,-0.272458651,0.036981076,0.859926457,-0.41925301,-0.506515987,-0.128310056,-0.395880828,0.265151226,0.195006406,0.07808693,-0.779529063,0.695782823,-0.983388462,0.587266558,-0.361333684,0.387948484,0.037958576,-0.325881444,-0.186370603,-0.786109985,0.401997927,1.045749843,-0.934490746,-0.836132504,0.212774347
-0.790568149,0.274441019,-0.80899931,-1.854695627,-1.605275253,-0.383965078,-0.915340076,0.500419789,-0.487922025,-0.421233569,0.167855081,0,0.008564314,0.589517169,-0.401463736,-0.382917155,0.000207286,-0.558245955,0.166118841,0.268371991,0.084268416,0.136162311,0.09520656,-0.642773464,0.529545368,-0.420662838,-0.079008546,-0.022696881,-0.228828542,-0.301757477,-0.610175717,0.035842007,0.973932729,-1.056005902,-0.838487464,0.280690376
-0.767860686,0.401321316,-0.539090651,-1.726211591,-1.750035998,-0.204701257,-0.899716498,0.335292776,-0.082923464,-0.143925718,0.294250919,0.068114663,0.215600719,0.57406521,-0.437042283,-1.09979038,-1.156448793,-0.30220864,0.215635033,0.331008222,0.113157398,-0.114836176,-0.552167854,-1.281426585,0.702708938,-0.12401707,-0.440523666,-0.735398499,-0.228828542,-0.776879901,-0.58504225,0.999927501,0.902115615,-0.691460435,-0.895006515,0.212774347
-0.729463009,0.439026517,-0.287933588,-1.590319466,-1.706607774,-0.087528815,-0.587244938,0.388847483,-0.205264471,-0.187234998,0.045096533,0.136229325,0.284612854,0.682228925,-0.490410104,-0.778433417,-0.256827398,0.128683428,0.512732191,0.383543395,0.167150779,-0.854554639,-0.099785734,-0.557619714,0.587266558,-0.12401707,-0.244702976,-0.401793486,-0.299412471,-0.505381373,-0.509641849,0.860267578,0.830298501,-0.691460435,-0.854972187,0.185607935
-0.575343054,0.439026517,-0.363496917,-1.365993284,-1.469200152,0.296035673,-0.587244938,0.353144345,0.001366064,-0.089586606,0.101474533,0,0.175005346,0.373189739,-0.348095915,-0.605395052,-0.610250089,0.041256052,0.413699805,0.431052203,0.234137894,-0.895860855,0.188802861,-0.642773464,0.356381798,0.35061616,0.041496494,-0.280482572,-0.220005551,-1.041590966,-0.635309184,0.635946472,0.830298501,-0.691460435,-0.847907306,0.165233126
-0.556653981,0.439026517,-0.372138594,-0.804599072,-0.565893102,-0.173655568,0.412664054,0.511577019,-0.029780222,0.812731016,0.203318661,0.136229325,0.524125557,0.883104396,0.274528661,-0.259318323,0.064465957,0.010031989,0.413699805,0.476772785,0.306991113,0.625936018,0.064007793,-0.898234712,0.471824178,0.647261928,-0.033819156,-0.083352338,-0.074426199,-0.267820161,-0.685576118,1.452954954,0.973932729,-0.326914967,-0.777258493,0.212774347
-0.445045581,0.439026517,0.002824315,-0.554576082,0.079739822,-0.00841238,1.021983596,0.765961878,0.784093305,1.042493096,0.755732126,0.272458651,0.682447514,1.2230475,1.590934908,0.037318873,-0.128310056,0.753164686,0.710796962,0.510217439,0.384007372,0.843425891,-0.201181726,-0.387312215,0.414102988,0.469274467,0.719337344,0.44738291,0.088799136,0.254814506,-0.509641849,1.920373332,1.045749843,0.280660811,-0.730159284,0.280690376
-0.174157612,0.439026517,0.617772535,-0.544621463,-0.012907055,0.249967876,1.240713688,1.096215904,1.417546101,1.293506306,0.918955529,0.408687976,0.613435379,1.246225439,1.608724182,0.358675836,0.25724197,0.865571312,0.611764576,0.532642756,0.460519021,0.359763818,-0.177782651,-0.42988909,0.644987748,0.409945313,0.719337344,0.568693824,-0.158244614,0.112277778,-0.208040246,1.976719559,1.117566956,0.88823659,-0.847907306,0.280690376
-0.053282574,0.439026517,0.814387791,-0.481884213,-0.038963989,0.284017987,1.115725064,0.94894046,1.639760938,1.253163511,1.086270883,0.408687976,0.79611456,1.076253887,1.50198854,0.853071163,0.128724628,1.73360026,0.512732191,0.557822908,0.538355274,-0.197237862,-0.435172478,0.166187156,0.529545368,0.587932774,1.186294374,1.281395443,0.000569225,0.967498142,-0.082372911,2.037640151,0.902115615,1.131266901,-0.789033295,0.253523964
0.033004282,0.439026517,0.789125894,-0.549483021,-0.148982155,0.844843349,1.77191534,0.969023475,0.565368966,0.892648156,1.596400848,0.408687976,1.153353846,1.122609765,1.395252899,0.556433967,0.000207286,1.227770441,0.809829348,0.587739441,0.614173082,-0.662775778,0.009409951,-0.302158466,0.471824178,0.706591082,1.126041854,0.856807244,0.221144002,0.662062298,0.068427891,1.817591997,0.973932729,1.252782057,-0.734869205,0.301065184
0.139947751,0.439026517,0.698549593,-0.612220271,-0.46456058,1.145285507,1.584432404,1.080595781,0.405004261,0.768400267,1.268590059,0.408687976,0.930079292,1.130335744,1.359674351,0.383395602,0.321500641,0.69071656,0.661280769,0.616737696,0.686017079,-0.784165475,0.048408409,0.336494655,0.587266558,0.35061616,0.041496494,0.204761083,0.146148578,0.024040757,0.043294424,1.318744079,1.117566956,1.252782057,-0.584151736,0.301065184
0.116366153,0.439026517,0.881366998,-0.624026913,-0.438503646,1.258452054,1.178219376,0.897617199,-0.100983389,0.822900648,1.747803057,0.408687976,0.85700762,1.138061724,1.359674351,0.5317142,0.385759312,1.446338882,0.710796962,0.643754404,0.756599548,-0.366677647,0.45399238,-0.600196589,0.356381798,0.35061616,0.508453524,0.826479516,0.119679604,-0.349269719,0.143828291,1.397051979,1.045749843,0.523691123,-0.581796776,0.280690376
0.116831235,0.439026517,0.993630502,-0.935629638,-0.386389778,0.950999578,1.162595798,0.754804647,-0.375818058,0.775437311,1.565029219,0.408687976,0.844829008,0.983542131,1.199570889,0.482274668,0.192983299,1.109119003,0.562248384,0.657818558,0.82869585,-0.281957755,0.329197312,0.46422528,0.240939419,0.647261928,0.885031774,0.659677009,0.035861189,0.87926112,0.244362159,0.798608233,0.830298501,0.402175967,-0.419304505,0.253523964
0.144524264,0.439026517,0.971107552,-0.849973614,0.013149879,1.308525747,1.131348642,0.739184524,-0.089231362,0.726217437,1.531384284,0.272458651,0.954436516,0.852200477,1.484199267,0.556433967,-0.256827398,0.759409498,0.463215998,0.643077778,0.901675221,-0.056248787,0.945372959,-0.174427842,0.298660608,0.469274467,0.839842384,0.735496331,0.093210631,0.404138696,0.219228692,0.609439987,0.973932729,-0.205399812,-0.44285411,0.253523964
0.167029429,0.439026517,1.014064763,-0.866873316,0.288195295,0.995064428,1.14697222,0.837368154,-0.013574171,1.159810349,0.741182965,0.136229325,0.970674666,1.114883785,1.50198854,1.026109528,-0.128310056,0.66573731,0.611764576,0.589575997,0.970050017,-0.625473736,0.781579433,0.038456532,0.183218229,0.647261928,0.071622754,0.705168602,0.088799136,1.143972185,0.344896027,0.988148811,0.830298501,0.402175967,-0.322751127,0.233149155
0.16562041,0.439026517,0.958541866,-0.840018995,0.218710138,0.989055585,0.740759192,0.8105908,0.060207632,1.318661759,0.903497045,0.068114663,0.97879374,0.983542131,1.092835247,1.42162579,0.610664661,0.878060937,0.463215998,0.497748189,1.027764904,0.25902723,0.594386831,0.634532779,0.125497039,1.062566004,1.035663074,1.326887035,0.071153154,1.205059354,0.370029494,0.493721596,0.973932729,0.280660811,0.004588375,0.233149155
0.196132661,0.439026517,1.067968106,-0.804136066,0.641411514,1.284490374,0.896994972,0.94894046,-0.111151322,1.388566506,1.432722784,0,1.206127832,1.416196991,1.235149436,1.07554906,1.349639378,1.096629377,0.661280769,0.381803499,1.063403059,0.147542595,0.103006252,0.208764031,0.414102988,0.587932774,1.532746363,1.160084529,0.168206055,1.40868325,0.721898031,1.061114043,1.18938407,0.402175967,-0.193228303,0.253523964
0.233378646,0.439026517,1.370690773,-0.842334023,0.641411514,1.208378361,1.240713688,1.049355535,0.392744892,0.774043812,0.99351998,0.068114663,1.303556728,1.246225439,1.89335256,0.828351397,0.289371306,0.928019438,0.710796962,0.258754237,1.074946036,0.28326302,-0.0373882,0.677109653,0.298660608,0.706591082,1.397178193,1.084265208,0.154971569,0.89962351,0.797298432,1.711648796,1.18938407,0.402175967,-0.306266404,0.280690376
0.240041133,0.439026517,1.399389817,-0.649955223,0.74563925,1.043135174,1.787538918,1.294814609,0.079816714,0.639074992,0.989428028,0.272458651,1.080282174,1.045349968,1.430831446,1.347466491,0.032336622,1.177811941,0.958377926,0.130195306,1.062898448,1.242789563,-0.08418635,-0.344735341,0.183218229,0.587932774,1.532746363,1.63016432,0.177029046,0.967498142,0.847565366,1.680987559,1.261201184,0.402175967,-0.131999331,0.280690376
0.828046551,0.439026517,1.353309855,-0.389977614,0.59798329,0.903930307,2.100010478,1.390766792,0.323572798,0.841656641,0.913044932,0.136229325,1.128996622,1.029898009,1.786616918,1.273307191,1.221122036,0.709450998,0.859345541,0.005792791,1.026061842,2.824227554,0.485191147,0.038456532,0.067775849,0.409945313,1.261610023,1.584672727,0.260847461,0.9199859,0.847565366,1.592555777,0.902115615,0.645206278,-0.23090767,0.280690376
0.959495581,0.439026517,1.215292191,-0.081384425,0.542974207,0.871883143,2.00626901,1.491181868,0.208323151,0.656408397,-0.450938932,0.272458651,1.360390251,1.338937195,1.911141833,1.644103687,0.739182003,1.121608628,0.809829348,-0.104110596,0.962607004,1.052485924,0.804978508,0.634532779,0.125497039,-0.183346223,0.598832304,1.342050899,0.119679604,0.791024099,0.998366168,1.209508991,1.18938407,1.131266901,-0.259167195,0.253523964
0.934290328,0.439026517,1.077695222,-0.268438661,0.346099593,0.997067376,1.396949468,1.283657378,0.455477541,0.495706058,-1.01835622,0.272458651,1.238604131,1.470278849,1.395252899,1.124988593,0.642793997,0.653247685,0.760313155,-0.187818892,0.874110843,0.31908984,1.148164944,0.251340906,0.183218229,0.528603621,0.192127794,0.84164338,0.079976145,1.198271891,0.948099234,0.884953774,1.404835411,0.766721434,-0.235617591,0.253523964
0.967974291,0.439026517,0.961752442,-0.238806307,0.337413949,1.123253083,1.38132589,1.339443531,0.53848086,0.728625478,-0.821487882,0.408687976,1.181770608,1.269403378,1.413042172,1.07554906,0.450017983,0.721940623,0.661280769,-0.255578148,0.763790255,-0.328532621,1.44455323,-0.557619714,0.298660608,0.469274467,0.659084824,1.008445887,0.075564649,0.784236636,1.023499635,0.287774774,1.045749843,0.280660811,-0.270941997,0.233149155
0.997924647,0.439026517,0.852980839,-0.07768038,0.45032733,0.640542682,1.584432404,1.368452331,0.892560549,0.812361151,-0.771929801,0.272458651,1.311675803,1.207595541,1.94672038,1.174428126,0.578535326,1.340177068,0.760313155,-0.31710278,0.632906767,0.355338152,0.54758868,0.677109653,0.183218229,0.765920235,0.990473684,1.008445887,0.119679604,0.757086783,0.998366168,0.419869858,0.902115615,-0.205399812,-0.030736032,0.301065184
1.026551236,0.439026517,0.662799428,-0.039945429,0.681944522,0.230939872,1.428196624,1.337212085,1.009675507,0.824015567,-0.866954011,0.272458651,1.242663668,1.2230475,1.839984739,1.396906023,0.739182003,0.71569581,0.661280769,-0.381672228,0.48057731,0.450384599,0.313597928,0.549379029,0.067775849,0.528603621,1.216420634,1.296559307,0.102033622,1.354383545,1.023499635,-0.24360195,1.117566956,0.523691123,-0.000121546,0.233149155
1.049517259,0.439026517,0.577915915,-0.10106216,0.160805839,0.296035673,1.162595798,1.321591962,1.065223162,0.060210495,-0.54914577,0.136229325,1.275139967,1.199869561,1.964509654,0.951950229,0.417888648,0.878060937,0.661280769,-0.449528145,0.310586466,-0.049715661,0.383795154,0.208764031,0.125497039,0.35061616,-0.063945416,0.432219046,0.088799136,1.06931009,1.098900035,-0.522596745,1.045749843,0.402175967,-0.117869569,0.280690376
1.046514853,0.439026517,0.300127624,-0.173522526,0.123168046,0.374150634,1.350078734,1.384072454,0.819071983,-0.396951375,-0.297718078,0.136229325,1.551188506,1.068527907,2.124613117,1.545224621,1.060475359,0.010031989,0.611764576,-0.518254009,0.134224908,0.200229096,-0.21678111,0.336494655,-0.105387721,0.409945313,0.598832304,1.175248393,0.181440542,1.23899667,1.023499635,-0.050013001,0.686664274,0.523691123,0.075237188,0.233149155
1.096540172,0.439026517,0.303291494,-0.159863863,0.14922498,0.36013,1.303208,1.439858607,0.802358071,-0.551357617,0.039640598,0.136229325,1.575545731,1.369841113,1.964509654,1.248587425,1.349639378,0.734430248,0.611764576,-0.581276884,-0.026935242,-0.049926407,-0.700361997,0.591955904,0.183218229,0.113299545,0.372885354,0.765824059,0.371134849,0.892836047,1.124033502,0.171991373,0.973932729,0.402175967,0.376672125,0.301065184
1.037800514,0.439026517,0.127707195,-0.161484382,0.204234063,0.164842598,1.131348642,1.544736575,0.720352502,-0.584092826,-0.270893062,0.204343988,1.681093702,1.253951419,1.875563286,0.951950229,1.47815672,0.69071656,0.661280769,-0.636180247,-0.153529536,-0.268048518,-0.965551516,-0.217004716,0.010054659,-0.242675377,0.418074744,0.462546774,0.238789984,0.9199859,0.847565366,0.421991559,0.973932729,0.402175967,0.364897322,0.233149155
0.884192365,0.310988273,-0.091156107,-0.352474166,0.14922498,0.082721741,1.053230752,1.482256083,-0.191000128,-0.67976708,-0.711914511,-0.272458651,1.620200641,1.168965643,1.413042172,1.07554906,1.253251372,0.209865992,0.265151226,-0.680450916,-0.240953399,-0.530638036,-1.105945968,0.336494655,-0.105387721,-0.361333684,0.146938404,0.735496331,0.203498019,1.035372774,0.696764564,0.460359475,0.902115615,0.159145656,0.470870542,0.233149155
0.65031376,0.205248558,-0.311608993,-0.730518186,-0.099763502,-0.296836852,0.256428274,1.332749193,-0.572479594,-0.718487844,-1.358442863,-0.272458651,1.222365981,1.23077348,1.341885078,0.160917705,0.610664661,0.028766427,0.067086455,-0.715587135,-0.302074411,-1.062982434,-1.33993672,-0.344735341,-0.105387721,-0.717308606,-1.012922606,-0.538268264,0.16379456,0.356626454,0.470563362,0.202227087,1.261201184,-0.448430123,0.663977299,0.185607935
-0.153459882,-0.271911417,-0.502888496,-0.871040366,-0.406656282,-0.636336491,0.506405522,0.971254921,-0.659526197,-0.950607483,-0.981983317,-0.136229325,1.023448651,0.682228925,0.772628322,0.358675836,0.096595293,0.159907491,0.166118841,-0.7388824,-0.340740231,-0.371314059,-2.135505277,-0.685350339,-0.163108911,-0.657979453,-0.259766106,0.144105626,-0.008253766,-0.070983728,0.219228692,-0.362665418,0.686664274,-0.81297559,0.654557457,0.144858317
-0.295692287,-0.305224499,-0.607673838,-0.685143643,-0.131610866,-0.445054984,0.787629926,0.986875044,-0.476701446,-0.765514663,0.130118194,0.408687976,1.417223774,0.883104396,0.86157469,0.037318873,0.931958016,-0.901710647,0.364183612,-0.75246325,-0.361681589,1.021295516,-2.018509901,-0.046697217,0.010054659,-0.835966914,-0.274829236,-0.022696881,-0.092072181,0.302326748,0.093561358,0.133463886,0.830298501,-0.326914967,0.2471493,0.144858317
-0.291342379,-0.006801411,-0.714649808,-0.614535299,0.076844607,-0.741491247,0.693888458,0.861914061,-0.372293258,-0.530660526,0.524309531,0.408687976,1.124937085,1.238499459,0.879363964,0.160917705,0.096595293,0.028766427,0.364183612,-0.756329684,-0.377766066,0.21793176,-1.995110826,-0.600196589,0.125497039,-0.064687916,-0.018756026,0.083450169,-0.08324919,-0.050621338,0.043294424,0.765689365,0.686664274,-0.083884656,0.108206634,0.165233126
-0.353118063,0.197673081,-0.705966101,-0.499246921,0.175281914,-0.605290802,0.60014699,0.899848645,-0.283391322,-0.645242709,0.848483029,0.408687976,1.327913952,1.145787704,1.181781615,-0.160439258,-0.288956734,-0.227270889,0.413699805,-0.762805961,-0.40104125,0.925195339,-1.862516066,-0.42988909,-0.047666531,-0.302004531,-0.711660006,-0.386629622,-0.025899748,0.241239579,-0.032105977,0.800794944,0.758481388,0.159145656,0.230664577,0.253523964
-0.401172369,0.332843049,-0.857653515,-0.57448532,-0.221362528,-0.584259851,0.881371394,0.969023475,-0.51203808,-0.890439305,-0.009462821,0.408687976,1.413164237,1.362115134,1.448620719,-0.407636922,-0.031922049,0.428434432,0.562248384,-0.772278724,-0.435039419,-0.127480936,-1.355536103,0.293917781,-0.105387721,-0.717308606,-0.666470616,-0.538268264,-0.140598632,0.580612739,-0.157773312,0.65912561,0.543030047,-0.083884656,0.289538588,0.253523964
-0.481795291,0.417647189,-0.668803948,-0.870808863,-0.693282558,-1.291300396,0.28767543,0.600834864,-0.652366556,-0.992233232,-0.063112853,0.408687976,1.128996622,1.2230475,1.146203068,-0.679554352,-0.321086069,-0.527021892,0.463215998,-0.782524774,-0.474020622,-0.888484745,-0.739360456,-0.004120343,0.240939419,-0.717308606,-0.651407486,-0.81121782,-0.136187136,-0.831179607,-0.33370758,-0.880620463,0.973932729,-0.205399812,0.235374498,0.280690376
-0.559000475,0.439026517,-0.68847051,-0.823813801,-0.884366741,-1.52564528,0.428287632,0.678935479,-0.645732301,-0.519508097,0.644794772,0.204343988,1.595843417,1.238499459,1.395252899,-0.803153183,-0.578120753,0.684471747,0.512732191,-0.798425484,-0.505874194,-0.183750118,-0.949952133,-0.685350339,0.067775849,-0.539321145,-0.756849396,-0.841545549,-0.149421623,-0.111708507,-0.434241448,-0.417167716,0.758481388,-0.326914967,0.164725685,0.212774347
-0.592810448,0.439026517,-0.814869071,-1.223619082,-1.437352788,-1.35439325,-0.149784754,0.395541821,-0.663252511,-0.506291153,-0.817850592,-0.613031965,1.53089082,0.57406521,1.110624521,-1.421147343,-0.064051385,0.184886741,0.611764576,-0.828342017,-0.520066379,-0.926840518,-1.558328088,0.081033407,-0.047666531,-0.657979453,-1.193680166,-1.463263982,-0.224417047,-0.111708507,-0.534775316,-1.078464634,0.399395819,-0.81297559,0.155305843,0.212774347
-0.625956086,0.439026517,-0.738071854,-1.237046242,-1.382343705,-1.773009324,-0.056043286,0.433476405,-0.651771189,-0.363983671,-0.155863756,-1.021719941,1.210187369,0.836748518,0.879363964,-1.520026408,-0.96367278,0.191131554,0.661280769,-0.8718394,-0.515651032,-0.476054821,-1.300938261,-0.387312215,-0.047666531,-0.479991992,-0.726723136,-1.296461475,-0.264120506,-0.247457771,-0.760976519,-0.878451482,0.399395819,-0.691460435,0.40728661,0.233149155
-0.720509091,0.287116049,-0.588754293,-1.285430321,-1.315753762,-1.458546531,0.13143965,0.270580838,-0.773702049,-0.457774498,0.113295726,-0.817375953,1.202068295,1.01444605,0.986099606,-1.520026408,-0.449603411,-0.171067575,0.809829348,-0.915626765,-0.493195841,-0.637064766,-1.371135487,-0.174427842,0.010054659,-0.77663776,-0.967733216,-1.20547829,-0.29058948,-0.172795676,-0.861510386,-0.967438807,0.902115615,-0.691460435,0.089366951,0.253523964
-0.698621724,0.230659981,-0.595641532,-1.124998902,-1.139145653,-1.334363772,0.5220291,0.41339339,-0.175836923,-0.359672148,0.732089739,-0.408687976,1.230485056,1.114883785,1.395252899,-1.520026408,-0.835155438,0.103704178,0.809829348,-0.941531873,-0.461089964,0.407392415,-1.230741035,0.208764031,0.067775849,-0.242675377,-0.681533746,-1.250969883,-0.25088602,-0.227095382,-0.861510386,-0.106105098,0.758481388,-0.326914967,0.131756239,0.253523964
-0.62102435,0.375531039,-0.339118352,-0.953223849,-0.977013618,-1.024908349,0.490781944,0.359838683,0.350271723,-0.274128699,0.685259627,-0.544917302,1.287318579,1.308033276,1.039467426,-1.569465941,-0.160439392,-0.495797829,1.057410312,-0.941096899,-0.43119176,0.943530241,-1.332137028,-0.174427842,0.125497039,-0.242675377,-1.012922606,-1.281297611,-0.264120506,-0.172795676,-0.886643853,0.701742838,1.117566956,-0.326914967,0.2471493,0.212774347
-0.418919559,0.439026517,-0.308702432,-0.992347816,-1.292592043,-1.158104373,0.725135614,0.507114127,0.09261858,-0.238712789,0.747548223,-0.272458651,1.3766284,1.346663174,1.324095804,-0.704274118,-0.064051385,0.272314117,1.007894119,-0.908038888,-0.411007318,0.414768525,-1.667523773,0.591955904,0.240939419,-0.361333684,-0.184450456,-0.371465758,-0.308235462,-0.070983728,-0.735843052,0.916087813,1.045749843,0.0376305,0.277763786,0.233149155
-0.455937693,0.288070439,-0.391911446,-1.255797966,-1.706607774,-1.260254707,1.131348642,0.636538002,-0.390648372,-0.696592289,0.346536967,-1.089834604,1.465938222,1.43937493,1.359674351,-1.025631081,0.417888648,1.433849256,0.958377926,-7.823397778,-0.404447375,-0.064467882,-1.425733329,0.506802154,0.240939419,-8.845402658,-0.109134806,-0.796053956,-0.224417047,0.478800791,-0.836376919,0.138812463,0.758481388,-0.569945279,0.24479434,0.253523964
-1.453668066,-2.588933538,-0.942554875,-2.121155313,-2.111937861,-2.987797117,1.115725064,-0.543896997,-1.362724801,-1.085764942,-2.104087375,-2.99704516,0.905722068,0.519983353,-0.081256811,-1.297548511,-1.060060786,-1.732270719,0.859345541,-5.457140161,-2.290241901,-1.044015294,-1.800118532,-2.558732828,-0.047666531,0.825249389,-1.525069026,-2.069818551,-1.247884009,-1.856086551,-2.0679168,-2.027119039,0.255761592,-0.569945279,0.694591785,0.049775877
-2.331102889,-5.223541088,-1.211342527,-1.722739049,-2.485420584,-5.756872343,0.584523412,-2.476329341,-2.006220452,-1.194294523,-2.021793682,-6.402778297,-0.437984794,-0.816611126,-1.05966686,-3.077371689,-4.658546366,-4.486233065,-1.22033456,-3.749481247,-6.826695134,-1.069304814,-1.854716374,-6.135190307,-0.85576319,0.113299545,-4.341874336,-4.359562048,-4.402103311,-5.704578187,-3.399990548,-3.386703752,-1.683300478,1.009751746,-1.29063987,-2.483492007
-2.431339737,-5.438969941,-1.093865867,-1.812562123,-2.386983277,-3.420433825,0.193933962,-2.578975862,-1.497226484,-0.870575483,-1.352077605,-6.402778297,-0.429865719,-0.777981228,-0.437042283,-2.657135661,-3.469760951,-3.362166802,-0.87372121,-2.008184357,-4.880725742,-1.318617333,-1.831317299,-4.64499969,-0.45171486,-0.005358762,-3.498339056,-3.601368837,-4.397691815,-3.688701616,-2.97272161,-3.573389785,-0.965129341,1.860357836,-2.760135187,-4.677179746
-2.249635284,-4.783439587,-1.239446845,-1.751676895,-2.048243133,-1.508620224,0.350169742,-2.454014879,-0.928552214,-0.474491654,-0.751470044,-6.402778297,0.073516912,-0.329874408,0.665892681,-0.407636922,0.353629977,1.071650127,0.166118841,-1.113733178,-2.226030146,-1.079209876,-0.21678111,-1.707195333,-0.105387721,0.172628699,0.146938404,0.15926949,-3.55509617,-0.410356888,-2.470052271,-3.376721711,-0.677860886,2.710963926,-2.997986191,-6.171332385
-1.98629043,-3.865731391,-1.126901993,-1.662779832,-1.886111099,-0.349914967,0.568899834,-2.391534388,-0.908437009,-0.180420733,-0.478673271,-0.136229325,-0.194412553,-0.762529268,0.345685756,-0.110999725,0.160853964,1.196546379,0.859345541,-0.246347037,-1.114750488,-1.382262626,-0.949952133,0.251340906,-0.047666531,0.291287006,1.171231244,0.735496331,-3.065420166,0.770661709,-2.118183734,-2.583920712,-0.965129341,1.617327524,-2.550543707,-5.152591949
-1.814255822,-3.24014596,-0.800540734,-1.30464505,-2.082985712,-0.371947392,0.67826488,-2.462940664,-0.749898369,0.126278007,-0.252706611,0.408687976,-0.41362757,-0.638913594,0.594735586,0.284516537,0.289371306,0.440924057,1.156442698,0.563864211,-0.805423921,-1.113350728,-0.832956757,0.634532779,0.010054659,0.231957852,2.075019043,1.266231578,-2.50957173,-0.145645823,-1.866849064,-2.036131835,-0.965129341,1.252782057,-1.738082354,-4.065935484
-1.714332647,-2.715805856,-0.781207085,-1.187967655,-1.831102015,0.099746797,0.959489284,-2.152769653,-0.939870833,0.125250277,-0.162683675,0.408687976,0.195303032,-0.152176876,1.270727983,0.309236303,0.289371306,0.378475931,1.404023662,0.851430241,-0.683371126,-1.201864049,-1.004549975,0.421648405,-0.047666531,0.528603621,1.065789334,0.583857688,-2.253704989,0.757086783,-1.690914796,-1.469105809,-0.749678,1.981872991,-0.989204933,-3.366400385
-1.460694036,-2.021835015,-0.630759618,-0.949288302,-1.726874279,-0.073508181,0.928242128,-1.891690456,-0.849872491,0.173532533,0.091926646,0.408687976,0.19936257,-0.044013161,1.270727983,1.100268827,-0.031922049,1.433849256,1.503056048,1.08665442,-0.600741069,-0.630742386,-1.300938261,1.443493399,0.183218229,0.469274467,1.442367583,1.599836591,-1.786086463,0.315901675,-1.464713593,-0.966487292,-0.965129341,1.495812369,-0.631250945,-2.619324065
-1.22779688,-1.314395975,-0.277900034,-0.900904223,-1.39102935,-0.744495668,0.240804696,-1.755572243,-0.868841091,0.483634181,0.697535482,0.408687976,-0.145698105,-0.422586164,0.808206869,0.754192098,-0.031922049,1.234015254,1.750637012,1.277172957,-0.48398669,1.059862034,-0.466371245,1.230609025,-0.047666531,0.884578543,1.231483763,1.326887035,-1.468458785,0.03082822,-1.313912791,-0.575704276,-0.749678,0.402175967,-0.511147963,-2.2322027
-1.209611215,-1.118140604,-0.345420781,-0.558511629,-0.872785882,-0.439046141,0.975112862,-1.784581042,-0.715149671,0.853601397,0.810291481,0.408687976,-0.381151271,-0.128998938,-0.170203179,1.471065322,0.417888648,0.03501124,1.552572241,1.401382149,-0.254262515,1.370501639,0.602186523,1.18803215,0.010054659,0.765920235,1.623125143,1.690819777,-1.146419612,-0.064196265,-1.087711589,-0.724595666,-0.534226659,1.252782057,-0.216777907,-1.960538583
-0.926806169,-0.034402544,-0.302456683,-0.328166375,-0.76566293,-0.36894297,1.084477908,-1.833672857,-0.42412255,0.965890001,1.06762977,0,-0.381151271,-0.260340591,-0.330306642,1.248587425,0.803440674,1.07789494,1.404023662,1.454110643,-0.123379027,0.007396505,0.313597928,1.613800898,-0.220830101,0.409945313,1.171231244,1.23590385,-0.992017268,-0.15922075,-1.037444655,-0.329575159,-0.677860886,1.131266901,-0.268587037,-1.824706525
-0.687346637,0.439026517,0.016515864,0.027653379,-0.201096024,0.129791012,1.240713688,-1.498955938,0.221750096,1.648716122,1.301780333,0,-0.052328746,-0.430312144,-0.187992453,1.619383921,0.064465957,0.928019438,1.453539855,1.441109759,0.131071089,0.907071183,-0.380574636,1.315762774,-0.220830101,-0.005358762,1.517683233,1.52401727,-1.08907017,0.424501086,-1.012311188,0.024760701,-0.749678,1.252782057,-0.471113635,-1.716040879
0.521572925,0.439026517,0.833575298,0.372361,0.487965124,1.367612705,1.256337266,-1.048203821,2.381581502,2.462551088,0.934414013,0.136229325,0.747400112,0.195492208,0.238950114,2.360976912,1.960096753,1.852251699,1.354507469,1.377893563,0.493066433,1.789253943,-0.201181726,2.593069017,-0.163108911,0.765920235,1.532746363,1.675655912,0.397603823,0.784236636,0.420296428,0.479590713,-0.246958204,2.346418459,1.000736642,-1.396835542
2.365087754,0.439026517,1.574303129,0.427458659,0.560345496,1.698099079,1.553185248,-0.374307092,6.424509374,3.00562451,1.010797109,0.204343988,0.852948083,0.458175515,0.523578492,1.668823453,2.185002102,2.183226766,1.404023662,1.271421636,0.758933374,2.160588397,-0.333776486,2.550492142,-0.56715724,0.291287006,1.773756443,1.326887035,3.51653116,1.388320861,2.255039515,0.820292133,-0.390592431,3.197024549,1.919171215,0.280690376
2.786922909,0.439026517,1.756463339,0.637663172,0.855657417,1.435712927,1.412573046,0.192480224,2.961137344,3.425987395,1.159926012,0.272458651,0.954436516,0.040972615,0.487999944,1.891301351,2.474166122,1.377645943,1.404023662,1.134211559,1.010545053,0.639213016,0.126405327,2.380184643,-1.259811519,0.231957852,1.397178193,1.569508863,3.547411629,1.252571597,1.928304445,0.900615354,-0.821495113,3.44005486,2.133472616,0.321439993
2.6168691,0.439026517,2.010626093,0.344117663,0.551659852,1.177332671,0.959489284,0.533891481,1.925948498,2.621959327,1.654142832,0.340573314,1.31573534,0.241848085,1.003888879,1.69354322,1.606674063,1.29646338,1.304991277,0.973512895,1.20103572,1.385675351,-0.013989125,1.400916524,-1.721581038,0.172628699,1.592998883,1.675655912,2.881275804,0.784236636,1.576435907,0.652925989,-0.821495113,3.683085172,2.708082964,0.280690376
2.604716772,0.439026517,1.918619739,-0.011239086,0.589297645,1.133267821,1.553185248,0.817285138,1.715000868,2.074464586,1.090817496,0.408687976,1.161472921,-0.090369039,0.505789218,1.42162579,2.506295457,1.040426064,1.255475084,0.79333707,1.323908507,0.687263104,0.344796695,1.826685271,-1.952465798,-0.12401707,1.683377663,1.493689542,2.387188305,2.521827216,1.400501639,0.672949171,-1.252397795,3.197024549,2.463167078,0.389356022
2.503991413,0.439026517,1.856087013,0.07372243,0.577716786,0.913945046,0.772006348,0.90877443,1.27476465,1.835156264,0.999430577,0.408687976,0.759578724,-0.93250082,0.576946313,1.322746724,1.76732074,0.565820308,1.007894119,0.599725387,1.383515686,-0.201663528,1.023369876,0.889994027,-1.894744608,-0.302004531,0.704274214,1.220739986,2.087206609,0.845323804,1.350234705,0.442487544,-1.396032023,1.495812369,2.797571461,0.368981213
2.309246599,0.439026517,1.567881714,0.045479092,0.571926356,1.476773355,0.693888458,0.828442369,1.78536052,1.810070619,0.727088465,0.408687976,0.540363707,-0.739351329,0.399053576,1.594664154,1.895838082,1.390135568,1.057410312,0.406790329,1.390454088,-0.54623324,0.719181899,0.975147777,-1.952465798,-0.598650299,0.598832304,1.326887035,2.038680159,1.931317917,1.199433903,-0.052447934,-1.683300478,2.103388147,2.837605789,0.484438463
2.091477456,0.439026517,1.281941115,0.467277135,0.858552632,0.621514678,0.5220291,0.576288957,2.395472269,2.041917161,0.060555017,0.408687976,0.613435379,-0.824337105,0.238950114,1.520504855,3.341658181,0.915529813,1.255475084,0.234975668,1.348634448,0.044066309,1.350956929,0.677109653,-1.606138659,-0.835966914,-0.350144886,0.538366096,1.778401923,0.947135752,1.274834304,-0.619083898,-1.755117591,1.374297213,2.651563913,0.436897242
1.944271629,0.439026517,0.896072213,0.39828931,0.560345496,0.645550051,0.13143965,0.59190908,2.02325402,1.519928467,-0.625983528,0.408687976,0.625613991,-1.15655423,0.274528661,1.619383921,3.662951536,1.920944637,1.404023662,0.096412338,1.25433526,0.594113372,1.148164944,0.506802154,-2.010186988,-0.302004531,-0.274829236,0.735496331,1.610765093,1.700544168,1.274834304,0.500973203,-1.970568932,1.252782057,2.719857766,0.457272051
2.020101154,0.439026517,0.811834695,0.207994035,0.629830654,0.451264122,0.350169742,0.571826065,1.092373583,1.081345142,-1.266601283,0.408687976,0.759578724,-0.909322882,0.363475029,1.07554906,1.76732074,0.30353818,1.453539855,-0.023302125,1.100744276,-0.715883771,-0.934352749,1.613800898,-1.606138659,-0.183346223,-0.033819156,0.705168602,1.668114534,1.7684188,1.325101238,0.244466073,-1.826934705,1.009751746,2.79050658,0.436897242
1.702381459,0.439026517,0.846941951,0.245265981,0.693525382,0.621514678,1.053230752,0.480336774,1.263455819,1.302965591,-0.721007737,0.408687976,0.593137692,-1.172006189,0.043268104,0.828351397,1.349639378,0.634513247,1.404023662,-0.133833807,0.878715419,-1.222517157,-0.528768779,0.847417152,-1.606138659,-0.302004531,-0.109134806,0.386727453,1.275491433,-0.444294204,0.998366168,0.270641596,-1.970568932,0.402175967,2.507911326,0.348606405
1.522375332,0.439026517,0.604437446,0.085297568,0.644306729,0.515358449,0.553276256,0.594140526,1.162182098,1.175776033,-1.295699605,0.408687976,0.373922676,-1.511949294,-0.205781726,1.026109528,0.321500641,0.128683428,1.304991277,-0.234989387,0.594934786,-1.405655432,0.555388372,1.145455275,-1.721581038,-0.242675377,0.207190924,0.780987923,1.416659289,-0.186370603,1.073766568,-0.09283117,-1.970568932,0.280660811,2.371323621,0.321439993
1.517485097,0.439026517,0.153850738,0.409632946,0.577716786,-1.397456626,0.67826488,0.270580838,1.615521634,1.481445885,-1.675341781,0.408687976,0.451053885,-1.774632602,-0.650513567,0.680032799,0.707052668,0.784388749,1.205958891,-0.32280577,0.271920645,-0.950865562,0.212201936,1.486070273,-2.010186988,-0.657979453,-0.937606956,-0.265318708,1.068151143,-1.19770262,0.822431899,-0.909532331,-1.970568932,0.523691123,2.041629158,0.301065184
0.973333015,0.439026517,-0.216527223,0.700631925,0.577716786,-0.668383655,-0.274773378,0.185785885,1.398263436,1.090851825,-1.19840209,0.408687976,0.491649259,-1.326525782,-0.650513567,0.408115369,0.417888648,0.153662678,1.106926505,-0.401729354,-0.048444287,-1.692480739,-0.349375869,1.486070273,-2.125629368,-1.90389168,-0.696596876,-0.341138029,0.966686746,1.272933986,0.420296428,-0.357482322,-1.970568932,0.766721434,2.241800796,0.321439993
0.79646035,0.439026517,-0.277854332,0.270731285,0.273719221,-0.526174367,-0.555997782,0.105453825,1.469988888,0.05582229,-1.317523347,0.272458651,0.272434242,-1.851892398,-0.66830284,0.457554901,0.064465957,-0.445839329,0.710796962,-0.463640629,-0.345723265,-1.555074346,0.032809026,0.847417152,-2.529677697,-0.598650299,-0.877354436,-0.174335523,0.737288978,-1.184127693,0.018160957,-0.233389418,-2.186020273,-0.083884656,1.985110108,0.280690376
0.707337107,0.439026517,-0.537941723,0.313327795,0.117377616,-0.544200896,-1.102823012,0.107685271,1.287566152,-0.109301906,-1.216588541,0,0.077576449,-2.500874688,-1.30871669,-0.28403809,-0.064051385,-0.839262521,0.611764576,-0.507669646,-0.613924032,-1.523462446,-0.201181726,0.549379029,-2.587398887,-0.242675377,-1.720889716,-0.91736487,0.437307282,-0.47823152,-0.358841047,-0.472284658,-2.473288728,-0.448430123,1.872072007,0.233149155
0.215876891,0.113035466,-0.642744527,-0.046659009,-0.733815566,-1.179135324,-1.805884022,-0.398852999,0.721579949,-0.781356639,-1.122018993,-0.544917302,-0.048269209,-2.384984994,-1.237559596,-0.382917155,0.064465957,-1.114034274,0.017570262,-0.538456127,-0.845035888,-1.319249571,0.422793613,-0.046697217,-2.471956507,-0.954625221,-2.067341706,-1.129658969,0.432895787,0.356626454,-0.760976519,-0.967107845,-2.257837387,-1.299036213,2.15702222,0.253523964
0.056456104,0.134352228,-0.780760801,-0.055224612,-0.502198374,-1.100018889,-0.712233562,-0.398852999,0.669934142,-0.609515076,-0.624164883,-1.089834604,0.288672391,-1.867344357,-0.899563397,-0.333477622,-0.031922049,-0.270984577,-0.279526895,-0.55353522,-1.037544999,-0.858558813,0.820577891,-0.046697217,-2.529677697,-0.717308606,-1.374437726,-0.856709413,0.379957841,-2.521257945,-0.962044254,-0.466587389,-2.329654501,-0.691460435,1.773163668,0.212774347
0.018612681,0.155100698,-0.952941482,-0.069346281,-0.455874935,-1.246234073,-0.555997782,-0.41001023,0.228610807,-0.908216252,-0.917421414,-1.226063929,0.45917296,-1.836440439,-0.846195576,-0.803153183,-0.096180721,-1.120279087,-0.428075474,-0.553245237,-1.19555133,-1.724514131,0.945372959,0.251340906,-2.414235317,-0.302004531,-2.037215446,-1.326789204,0.203498019,-0.49859391,-1.087711589,-0.429182808,-2.186020273,-0.326914967,1.589476753,0.233149155
-0.269139186,-0.465926867,-1.117491304,0.041775048,-0.432713216,-1.283288606,-0.821598608,-0.735801364,-0.016604412,-1.123437589,-1.114289751,-1.49852258,0.231838868,-1.736002703,-0.988509765,-1.050350847,-0.545991418,-1.107789462,-0.824205017,-0.535314649,-1.315585681,-1.610500545,0.594386831,-0.770504088,-2.587398887,-0.835966914,-1.585321546,-1.190314426,0.013803712,-1.014441113,-1.48984706,-1.159703909,-1.611483364,-1.177521057,1.09729002,0.185607935
-0.464393508,-0.668169358,-1.084916054,0.169564576,-0.267685966,-0.864672532,-0.915340076,-0.604146043,-0.013049282,-0.80630073,-0.214969724,-0.408687976,0.19936257,-1.975508072,-0.881774124,-1.297548511,-0.224698063,-1.632353718,-1.071785981,-0.494330449,-1.405532598,-0.961824354,-0.505369704,-1.281426585,-2.876004836,-1.547916758,-1.510005896,-1.402608525,-0.175890596,-0.091346118,-1.841715597,-0.562513089,-2.186020273,-1.420551369,0.788790202,0.212774347
-0.578454448,-0.637423582,-1.091688458,-0.25663202,-0.259000322,-0.857662215,-0.587244938,-0.396621553,-0.026823559,-0.598483951,0.276519129,0.408687976,0.507887408,-1.751454663,-1.255348869,-1.445867109,-2.248846201,-1.519947092,-1.170818367,-0.437203886,-1.405532598,-1.418510938,-1.620725622,-1.451734084,-2.876004836,-2.141208294,-1.946836666,-1.660394217,-0.303823966,-1.156977841,-2.193584134,-0.554239046,-2.042386046,-1.177521057,0.560359039,0.212774347
-0.818694288,-1.06965051,-1.154302446,-0.048742534,-0.125820436,-0.696424923,0.022074604,-0.548359889,-0.334967321,-0.589572787,0.897131787,0.408687976,0.386101288,-1.349703721,-1.166402501,-1.693064773,-0.321086069,-1.220196088,-0.972753595,-0.370797882,-1.405532598,-1.07583794,-1.589526855,-1.579464708,-2.587398887,-0.302004531,-2.022152316,-2.054654687,-0.471460796,-2.629857356,-2.193584134,-0.431357699,-1.683300478,-1.177521057,0.218889775,0.280690376
-0.864580562,-1.044123745,-1.194002311,0.14062673,-0.047649634,-0.69041608,0.084568916,-0.434556137,-0.588206454,-0.829126698,1.098092076,0.340573314,0.280553317,-1.187458149,-1.05966686,-1.618905473,-0.353215405,-2.181897225,-0.626140245,-0.291487654,-1.405532598,-0.386909263,-1.495930554,-1.111119086,-2.356514127,1.181224311,-1.329248336,-1.372280797,-0.436168832,-0.790454828,-2.419785337,-0.039830019,-1.611483364,-1.299036213,0.105851674,0.233149155
-1.038141123,-1.017506787,-0.919798464,0.226745759,-0.308218975,-0.476100674,-0.2591498,-0.325215277,-0.983857381,-1.302551359,0.236963597,0.272458651,0.304910541,-1.573757131,-1.201981049,-1.964982203,-1.60625949,-2.113204286,-0.52710786,-0.205846141,-1.405532598,-1.524937668,-1.20734196,-0.642773464,-2.529677697,0.765920235,-1.344311466,-1.781705131,-0.431757336,-2.06649791,-2.696253473,-0.606655104,-1.898751819,-1.177521057,-0.306266404,0.233149155
-1.033695544,-0.782222155,-0.833745788,0.068860872,-0.6237974,-0.143611352,-0.227902644,-0.345298292,-0.727310824,-1.206558736,0.66889182,0.272458651,0.195303032,-1.457867436,-1.397663058,-1.767224072,-1.381354142,-2.619034105,-0.477591667,-0.11706315,-1.405532598,-0.913142027,-1.035748742,-0.51504284,-2.471956507,-0.835966914,-0.952670086,-1.569411031,-0.440580327,0.336264064,-2.696253473,-1.108328016,-1.53966625,-1.299036213,-0.574731895,0.233149155
