,NFCIADJ Index
#NAME?,0.553249
1971-01-15,0.596683
1971-01-22,0.662171
1971-01-29,0.743038
1971-02-05,0.831094
1971-02-12,0.914715
1971-02-19,0.983836
1971-02-26,1.033089
1971-03-05,1.06244
1971-03-12,1.075133
1971-03-19,1.080679
1971-03-26,1.095745
1971-04-02,1.136799
1971-04-09,1.218834
1971-04-16,1.34679
1971-04-23,1.512657
1971-04-30,1.695536
1971-05-07,1.863953
1971-05-14,1.978949
1971-05-21,2.010136
1971-05-28,1.941761
1971-06-04,1.770979
1971-06-11,1.508499
1971-06-18,1.189801
1971-06-25,0.859645
1971-07-02,0.570641
1971-07-09,0.380936
1971-07-16,0.3392
1971-07-23,0.472954
1971-07-30,0.779792
1971-08-06,1.220144
1971-08-13,1.726732
1971-08-20,2.221401
1971-08-27,2.623668
1971-09-03,2.885431
1971-09-10,2.978864
1971-09-17,2.91451
1971-09-24,2.720215
1971-10-01,2.440252
1971-10-08,2.122314
1971-10-15,1.816432
1971-10-22,1.563066
1971-10-29,1.391802
1971-11-05,1.3153
1971-11-12,1.327808
1971-11-19,1.412455
1971-11-26,1.538515
1971-12-03,1.676221
1971-12-10,1.796654
1971-12-17,1.873421
1971-12-24,1.889543
1971-12-31,1.842516
1972-01-07,1.722835
1972-01-14,1.559489
1972-01-21,1.367883
1972-01-28,1.172931
1972-02-04,0.996585
1972-02-11,0.849111
1972-02-18,0.733789
1972-02-25,0.650453
1972-03-03,0.59618
1972-03-10,0.56808
1972-03-17,0.560603
1972-03-24,0.565575
1972-03-31,0.570446
1972-04-07,0.562493
1972-04-14,0.533424
1972-04-21,0.476525
1972-04-28,0.396832
1972-05-05,0.30275
1972-05-12,0.208524
1972-05-19,0.130986
1972-05-26,0.086358
1972-06-02,0.084554
1972-06-09,0.130607
1972-06-16,0.218906
1972-06-23,0.337339
1972-06-30,0.467108
1972-07-07,0.586893
1972-07-14,0.678641
1972-07-21,0.726777
1972-07-28,0.719908
1972-08-04,0.653949
1972-08-11,0.532936
1972-08-18,0.368449
1972-08-25,0.179183
1972-09-01,-0.010104
1972-09-08,-0.173635
1972-09-15,-0.294001
1972-09-22,-0.364062
1972-09-29,-0.387321
1972-10-06,-0.376747
1972-10-13,-0.348951
1972-10-20,-0.317859
1972-10-27,-0.294541
1972-11-03,-0.286292
1972-11-10,-0.296058
1972-11-17,-0.327527
1972-11-24,-0.380935
1972-12-01,-0.450897
1972-12-08,-0.529052
1972-12-15,-0.602951
1972-12-22,-0.65554
1972-12-29,-0.670801
1973-01-05,-0.635762
1973-01-12,-0.540972
1973-01-19,-0.383299
1973-01-26,-0.165999
1973-02-02,0.09881
1973-02-09,0.389515
1973-02-16,0.675914
1973-02-23,0.92893
1973-03-02,1.121846
1973-03-09,1.240363
1973-03-16,1.282827
1973-03-23,1.264736
1973-03-30,1.207206
1973-04-06,1.130233
1973-04-13,1.053888
1973-04-20,0.986311
1973-04-27,0.92812
1973-05-04,0.872094
1973-05-11,0.812747
1973-05-18,0.743674
1973-05-25,0.667193
1973-06-01,0.592504
1973-06-08,0.533059
1973-06-15,0.50295
1973-06-22,0.513451
1973-06-29,0.570771
1973-07-06,0.672415
1973-07-13,0.814037
1973-07-20,0.983545
1973-07-27,1.170883
1973-08-03,1.362321
1973-08-10,1.546127
1973-08-17,1.712044
1973-08-24,1.854849
1973-08-31,1.968378
1973-09-07,2.048607
1973-09-14,2.093875
1973-09-21,2.099684
1973-09-28,2.057396
1973-10-05,1.957224
1973-10-12,1.805864
1973-10-19,1.617015
1973-10-26,1.427152
1973-11-02,1.276716
1973-11-09,1.20454
1973-11-16,1.229921
1973-11-23,1.338022
1973-11-30,1.487152
1973-12-07,1.620286
1973-12-14,1.685579
1973-12-21,1.651372
1973-12-28,1.513254
1974-01-04,1.287675
1974-01-11,1.011174
1974-01-18,0.713529
1974-01-25,0.417785
1974-02-01,0.141294
1974-02-08,-0.103085
1974-02-15,-0.302196
1974-02-22,-0.44036
1974-03-01,-0.506605
1974-03-08,-0.495777
1974-03-15,-0.412397
1974-03-22,-0.269868
1974-03-29,-0.082239
1974-04-05,0.14179
1974-04-12,0.402149
1974-04-19,0.697804
1974-04-26,1.02821
1974-05-03,1.385182
1974-05-10,1.762709
1974-05-17,2.152903
1974-05-24,2.552489
1974-05-31,2.969415
1974-06-07,3.406819
1974-06-14,3.854574
1974-06-21,4.287301
1974-06-28,4.662029
1974-07-05,4.931683
1974-07-12,5.064272
1974-07-19,5.052525
1974-07-26,4.919146
1974-08-02,4.705926
1974-08-09,4.459142
1974-08-16,4.230068
1974-08-23,4.050053
1974-08-30,3.937775
1974-09-06,3.886311
1974-09-13,3.870429
1974-09-20,3.85087
1974-09-27,3.776969
1974-10-04,3.615869
1974-10-11,3.357602
1974-10-18,3.032463
1974-10-25,2.689047
1974-11-01,2.382234
1974-11-08,2.158947
1974-11-15,2.038171
1974-11-22,2.00984
1974-11-29,2.04989
1974-12-06,2.119543
1974-12-13,2.180655
1974-12-20,2.202958
1974-12-27,2.158078
1975-01-03,2.035326
1975-01-10,1.835333
1975-01-17,1.576944
1975-01-24,1.29018
1975-01-31,1.007241
1975-02-07,0.752814
1975-02-14,0.543031
1975-02-21,0.375442
1975-02-28,0.240452
1975-03-07,0.12955
1975-03-14,0.036454
1975-03-21,-0.040734
1975-03-28,-0.103542
1975-04-04,-0.155499
1975-04-11,-0.204252
1975-04-18,-0.258418
1975-04-25,-0.325619
1975-05-02,-0.404251
1975-05-09,-0.490312
1975-05-16,-0.572554
1975-05-23,-0.643529
1975-05-30,-0.694172
1975-06-06,-0.723269
1975-06-13,-0.734516
1975-06-20,-0.734978
1975-06-27,-0.730597
1975-07-04,-0.727649
1975-07-11,-0.731566
1975-07-18,-0.744182
1975-07-25,-0.762712
1975-08-01,-0.783235
1975-08-08,-0.799573
1975-08-15,-0.804904
1975-08-22,-0.793449
1975-08-29,-0.761638
1975-09-05,-0.711411
1975-09-12,-0.647201
1975-09-19,-0.576681
1975-09-26,-0.509969
1975-10-03,-0.45359
1975-10-10,-0.412401
1975-10-17,-0.385404
1975-10-24,-0.368048
1975-10-31,-0.356472
1975-11-07,-0.349936
1975-11-14,-0.348705
1975-11-21,-0.355345
1975-11-28,-0.374099
1975-12-05,-0.407991
1975-12-12,-0.458444
1975-12-19,-0.524528
1975-12-26,-0.60591
1976-01-02,-0.699756
1976-01-09,-0.800627
1976-01-16,-0.900433
1976-01-23,-0.991207
1976-01-30,-1.065879
1976-02-06,-1.119273
1976-02-13,-1.148551
1976-02-20,-1.158825
1976-02-27,-1.155064
1976-03-05,-1.142942
1976-03-12,-1.12563
1976-03-19,-1.105432
1976-03-26,-1.081075
1976-04-02,-1.050783
1976-04-09,-1.011278
1976-04-16,-0.96087
1976-04-23,-0.899115
1976-04-30,-0.82522
1976-05-07,-0.740899
1976-05-14,-0.652088
1976-05-21,-0.566589
1976-05-28,-0.493749
1976-06-04,-0.44363
1976-06-11,-0.422658
1976-06-18,-0.431914
1976-06-25,-0.469211
1976-07-02,-0.527288
1976-07-09,-0.598324
1976-07-16,-0.675327
1976-07-23,-0.752722
1976-07-30,-0.825252
1976-08-06,-0.890942
1976-08-13,-0.947517
1976-08-20,-0.994429
1976-08-27,-1.032447
1976-09-03,-1.064109
1976-09-10,-1.092247
1976-09-17,-1.11971
1976-09-24,-1.148535
1976-10-01,-1.17781
1976-10-08,-1.20687
1976-10-15,-1.231634
1976-10-22,-1.247853
1976-10-29,-1.251157
1976-11-05,-1.239794
1976-11-12,-1.212593
1976-11-19,-1.172447
1976-11-26,-1.127011
1976-12-03,-1.084433
1976-12-10,-1.05585
1976-12-17,-1.047344
1976-12-24,-1.063081
1976-12-31,-1.100691
1977-01-07,-1.153871
1977-01-14,-1.211323
1977-01-21,-1.264891
1977-01-28,-1.308165
1977-02-04,-1.33741
1977-02-11,-1.351808
1977-02-18,-1.352732
1977-02-25,-1.341659
1977-03-04,-1.320253
1977-03-11,-1.292484
1977-03-18,-1.262217
1977-03-25,-1.234014
1977-04-01,-1.21012
1977-04-08,-1.19069
1977-04-15,-1.171126
1977-04-22,-1.14766
1977-04-29,-1.116196
1977-05-06,-1.077957
1977-05-13,-1.035922
1977-05-20,-0.998215
1977-05-27,-0.970062
1977-06-03,-0.956401
1977-06-10,-0.958759
1977-06-17,-0.974759
1977-06-24,-1.002438
1977-07-01,-1.038095
1977-07-08,-1.07683
1977-07-15,-1.111373
1977-07-22,-1.135336
1977-07-29,-1.143105
1977-08-05,-1.133407
1977-08-12,-1.10868
1977-08-19,-1.074988
1977-08-26,-1.038781
1977-09-02,-1.004008
1977-09-09,-0.97084
1977-09-16,-0.93648
1977-09-23,-0.899259
1977-09-30,-0.857379
1977-10-07,-0.813222
1977-10-14,-0.769398
1977-10-21,-0.727987
1977-10-28,-0.690028
1977-11-04,-0.654157
1977-11-11,-0.618971
1977-11-18,-0.584565
1977-11-25,-0.553257
1977-12-02,-0.528545
1977-12-09,-0.514823
1977-12-16,-0.514205
1977-12-23,-0.526475
1977-12-30,-0.547937
1978-01-06,-0.57523
1978-01-13,-0.60364
1978-01-20,-0.62924
1978-01-27,-0.650207
1978-02-03,-0.66387
1978-02-10,-0.667732
1978-02-17,-0.659554
1978-02-24,-0.638843
1978-03-03,-0.607763
1978-03-10,-0.569659
1978-03-17,-0.527844
1978-03-24,-0.48345
1978-03-31,-0.436411
1978-04-07,-0.383866
1978-04-14,-0.323601
1978-04-21,-0.256939
1978-04-28,-0.187661
1978-05-05,-0.121292
1978-05-12,-0.062512
1978-05-19,-0.014792
1978-05-26,0.021201
1978-06-02,0.046695
1978-06-09,0.06205
1978-06-16,0.069468
1978-06-23,0.068973
1978-06-30,0.062529
1978-07-07,0.052186
1978-07-14,0.038007
1978-07-21,0.018399
1978-07-28,-0.010506
1978-08-04,-0.053489
1978-08-11,-0.110365
1978-08-18,-0.172906
1978-08-25,-0.226645
1978-09-01,-0.254294
1978-09-08,-0.235906
1978-09-15,-0.15852
1978-09-22,-0.017537
1978-09-29,0.186622
1978-10-06,0.441494
1978-10-13,0.731852
1978-10-20,1.034753
1978-10-27,1.324754
1978-11-03,1.570286
1978-11-10,1.752262
1978-11-17,1.856333
1978-11-24,1.875729
1978-12-01,1.827901
1978-12-08,1.729845
1978-12-15,1.599771
1978-12-22,1.45274
1978-12-29,1.294281
1979-01-05,1.124862
1979-01-12,0.946569
1979-01-19,0.763765
1979-01-26,0.585462
1979-02-02,0.420915
1979-02-09,0.276468
1979-02-16,0.150845
1979-02-23,0.039209
1979-03-02,-0.062231
1979-03-09,-0.157241
1979-03-16,-0.241782
1979-03-23,-0.309589
1979-03-30,-0.354697
1979-04-06,-0.377091
1979-04-13,-0.382259
1979-04-20,-0.379059
1979-04-27,-0.375732
1979-05-04,-0.374109
1979-05-11,-0.368871
1979-05-18,-0.351041
1979-05-25,-0.313984
1979-06-01,-0.257695
1979-06-08,-0.191258
1979-06-15,-0.125378
1979-06-22,-0.069782
1979-06-29,-0.025554
1979-07-06,0.01092
1979-07-13,0.049524
1979-07-20,0.097854
1979-07-27,0.156104
1979-08-03,0.221984
1979-08-10,0.293333
1979-08-17,0.373565
1979-08-24,0.469273
1979-08-31,0.588363
1979-09-07,0.733298
1979-09-14,0.901767
1979-09-21,1.082409
1979-09-28,1.26161
1979-10-05,1.431196
1979-10-12,1.586363
1979-10-19,1.722087
1979-10-26,1.830928
1979-11-02,1.902579
1979-11-09,1.916781
1979-11-16,1.86925
1979-11-23,1.763399
1979-11-30,1.620656
1979-12-07,1.468589
1979-12-14,1.331212
1979-12-21,1.222043
1979-12-28,1.130659
1980-01-04,1.042041
1980-01-11,0.947516
1980-01-18,0.84706
1980-01-25,0.763703
1980-02-01,0.732901
1980-02-08,0.78448
1980-02-15,0.939494
1980-02-22,1.20048
1980-02-29,1.551899
1980-03-07,1.961848
1980-03-14,2.405481
1980-03-21,2.841791
1980-03-28,3.226056
1980-04-04,3.526048
1980-04-11,3.69182
1980-04-18,3.698497
1980-04-25,3.54889
1980-05-02,3.273002
1980-05-09,2.925385
1980-05-16,2.574682
1980-05-23,2.262682
1980-05-30,1.998583
1980-06-06,1.772207
1980-06-13,1.548889
1980-06-20,1.300739
1980-06-27,1.035581
1980-07-04,0.78325
1980-07-11,0.571431
1980-07-18,0.436562
1980-07-25,0.37683
1980-08-01,0.379876
1980-08-08,0.427874
1980-08-15,0.496071
1980-08-22,0.569301
1980-08-29,0.653466
1980-09-05,0.742015
1980-09-12,0.815033
1980-09-19,0.872615
1980-09-26,0.905336
1980-10-03,0.918311
1980-10-10,0.926303
1980-10-17,0.968544
1980-10-24,1.055097
1980-10-31,1.205003
1980-11-07,1.412801
1980-11-14,1.656726
1980-11-21,1.928946
1980-11-28,2.215527
1980-12-05,2.477933
1980-12-12,2.694785
1980-12-19,2.855837
1980-12-26,2.900631
1981-01-02,2.83594
1981-01-09,2.662359
1981-01-16,2.414511
1981-01-23,2.131146
1981-01-30,1.861522
1981-02-06,1.623538
1981-02-13,1.434862
1981-02-20,1.28922
1981-02-27,1.152944
1981-03-06,1.034554
1981-03-13,0.939619
1981-03-20,0.884089
1981-03-27,0.884826
1981-04-03,0.946324
1981-04-10,1.045176
1981-04-17,1.167582
1981-04-24,1.276897
1981-05-01,1.374807
1981-05-08,1.482696
1981-05-15,1.619382
1981-05-22,1.798301
1981-05-29,2.033528
1981-06-05,2.294297
1981-06-12,2.566475
1981-06-19,2.821398
1981-06-26,3.047518
1981-07-03,3.241714
1981-07-10,3.401298
1981-07-17,3.518411
1981-07-24,3.572943
1981-07-31,3.567372
1981-08-07,3.497598
1981-08-14,3.389757
1981-08-21,3.277754
1981-08-28,3.190979
1981-09-04,3.132878
1981-09-11,3.098853
1981-09-18,3.058586
1981-09-25,3.00172
1981-10-02,2.942635
1981-10-09,2.884962
1981-10-16,2.854105
1981-10-23,2.846023
1981-10-30,2.835248
1981-11-06,2.788242
1981-11-13,2.693079
1981-11-20,2.556568
1981-11-27,2.416336
1981-12-04,2.313067
1981-12-11,2.259319
1981-12-18,2.243014
1981-12-25,2.236942
1982-01-01,2.202521
1982-01-08,2.131631
1982-01-15,2.049395
1982-01-22,1.984066
1982-01-29,1.972744
1982-02-05,2.011946
1982-02-12,2.090201
1982-02-19,2.174238
1982-02-26,2.234504
1982-03-05,2.25505
1982-03-12,2.248484
1982-03-19,2.242133
1982-03-26,2.249307
1982-04-02,2.272301
1982-04-09,2.311443
1982-04-16,2.353121
1982-04-23,2.389896
1982-04-30,2.432725
1982-05-07,2.50064
1982-05-14,2.610439
1982-05-21,2.774367
1982-05-28,2.975612
1982-06-04,3.1885
1982-06-11,3.388953
1982-06-18,3.539256
1982-06-25,3.616757
1982-07-02,3.618082
1982-07-09,3.555188
1982-07-16,3.447122
1982-07-23,3.33231
1982-07-30,3.242505
1982-08-06,3.212102
1982-08-13,3.265297
1982-08-20,3.404887
1982-08-27,3.623067
1982-09-03,3.882347
1982-09-10,4.123731
1982-09-17,4.279828
1982-09-24,4.284244
1982-10-01,4.105258
1982-10-08,3.752088
1982-10-15,3.274045
1982-10-22,2.748238
1982-10-29,2.248311
1982-11-05,1.831425
1982-11-12,1.523874
1982-11-19,1.325355
1982-11-26,1.217161
1982-12-03,1.166739
1982-12-10,1.140574
1982-12-17,1.112094
1982-12-24,1.055155
1982-12-31,0.962558
1983-01-07,0.839327
1983-01-14,0.703807
1983-01-21,0.574441
1983-01-28,0.469695
1983-02-04,0.395476
1983-02-11,0.346725
1983-02-18,0.317564
1983-02-25,0.300257
1983-03-04,0.288671
1983-03-11,0.28935
1983-03-18,0.303148
1983-03-25,0.321284
1983-04-01,0.334908
1983-04-08,0.328707
1983-04-15,0.29186
1983-04-22,0.225775
1983-04-29,0.141938
1983-05-06,0.057404
1983-05-13,-0.010886
1983-05-20,-0.055945
1983-05-27,-0.083602
1983-06-03,-0.097615
1983-06-10,-0.104402
1983-06-17,-0.106952
1983-06-24,-0.101719
1983-07-01,-0.084273
1983-07-08,-0.059989
1983-07-15,-0.034428
1983-07-22,-0.018548
1983-07-29,-0.017916
1983-08-05,-0.032341
1983-08-12,-0.055904
1983-08-19,-0.084466
1983-08-26,-0.112605
1983-09-02,-0.142682
1983-09-09,-0.178971
1983-09-16,-0.221403
1983-09-23,-0.261872
1983-09-30,-0.29149
1983-10-07,-0.299402
1983-10-14,-0.281022
1983-10-21,-0.240532
1983-10-28,-0.193919
1983-11-04,-0.146665
1983-11-11,-0.107194
1983-11-18,-0.069401
1983-11-25,-0.025456
1983-12-02,0.027157
1983-12-09,0.085185
1983-12-16,0.135875
1983-12-23,0.162743
1983-12-30,0.15565
1984-01-06,0.119657
1984-01-13,0.06227
1984-01-20,-0.00397
1984-01-27,-0.066239
1984-02-03,-0.120319
1984-02-10,-0.165612
1984-02-17,-0.199971
1984-02-24,-0.222751
1984-03-02,-0.229296
1984-03-09,-0.216127
1984-03-16,-0.184049
1984-03-23,-0.13783
1984-03-30,-0.080229
1984-04-06,-0.012557
1984-04-13,0.068244
1984-04-20,0.169538
1984-04-27,0.294732
1984-05-04,0.437195
1984-05-11,0.587058
1984-05-18,0.729647
1984-05-25,0.857215
1984-06-01,0.973288
1984-06-08,1.081333
1984-06-15,1.186255
1984-06-22,1.279792
1984-06-29,1.342547
1984-07-06,1.351715
1984-07-13,1.2953
1984-07-20,1.18263
1984-07-27,1.035189
1984-08-03,0.885787
1984-08-10,0.76032
1984-08-17,0.672907
1984-08-24,0.618527
1984-08-31,0.584437
1984-09-07,0.557338
1984-09-14,0.523897
1984-09-21,0.477434
1984-09-28,0.419897
1984-10-05,0.356497
1984-10-12,0.289707
1984-10-19,0.222578
1984-10-26,0.158151
1984-11-02,0.097662
1984-11-09,0.040934
1984-11-16,-0.010453
1984-11-23,-0.053322
1984-11-30,-0.089165
1984-12-07,-0.118307
1984-12-14,-0.149758
1984-12-21,-0.189503
1984-12-28,-0.238719
1985-01-04,-0.297255
1985-01-11,-0.354638
1985-01-18,-0.397253
1985-01-25,-0.417669
1985-02-01,-0.414065
1985-02-08,-0.390751
1985-02-15,-0.359624
1985-02-22,-0.329862
1985-03-01,-0.305394
1985-03-08,-0.287481
1985-03-15,-0.274207
1985-03-22,-0.263608
1985-03-29,-0.259052
1985-04-05,-0.268288
1985-04-12,-0.29475
1985-04-19,-0.339829
1985-04-26,-0.398338
1985-05-03,-0.460226
1985-05-10,-0.518262
1985-05-17,-0.560512
1985-05-24,-0.584334
1985-05-31,-0.587645
1985-06-07,-0.568916
1985-06-14,-0.529947
1985-06-21,-0.475605
1985-06-28,-0.41132
1985-07-05,-0.345488
1985-07-12,-0.285282
1985-07-19,-0.231354
1985-07-26,-0.182532
1985-08-02,-0.135895
1985-08-09,-0.086566
1985-08-16,-0.03457
1985-08-23,0.016866
1985-08-30,0.063046
1985-09-06,0.097996
1985-09-13,0.116998
1985-09-20,0.116562
1985-09-27,0.096483
1985-10-04,0.056002
1985-10-11,-0.000554
1985-10-18,-0.066731
1985-10-25,-0.132979
1985-11-01,-0.186894
1985-11-08,-0.217365
1985-11-15,-0.218884
1985-11-22,-0.191466
1985-11-29,-0.145195
1985-12-06,-0.093569
1985-12-13,-0.04865
1985-12-20,-0.019056
1985-12-27,-0.003234
1986-01-03,-0.001481
1986-01-10,-0.009511
1986-01-17,-0.025475
1986-01-24,-0.050773
1986-01-31,-0.08715
1986-02-07,-0.128324
1986-02-14,-0.164182
1986-02-21,-0.185122
1986-02-28,-0.184538
1986-03-07,-0.163813
1986-03-14,-0.134383
1986-03-21,-0.110892
1986-03-28,-0.106889
1986-04-04,-0.129171
1986-04-11,-0.169082
1986-04-18,-0.213192
1986-04-25,-0.248356
1986-05-02,-0.261475
1986-05-09,-0.247221
1986-05-16,-0.209416
1986-05-23,-0.151171
1986-05-30,-0.077874
1986-06-06,0.005034
1986-06-13,0.091542
1986-06-20,0.170815
1986-06-27,0.229878
1986-07-04,0.258974
1986-07-11,0.251877
1986-07-18,0.205943
1986-07-25,0.127794
1986-08-01,0.029414
1986-08-08,-0.073761
1986-08-15,-0.166493
1986-08-22,-0.23275
1986-08-29,-0.263063
1986-09-05,-0.256511
1986-09-12,-0.218257
1986-09-19,-0.167469
1986-09-26,-0.119242
1986-10-03,-0.085499
1986-10-10,-0.074555
1986-10-17,-0.08304
1986-10-24,-0.101786
1986-10-31,-0.124974
1986-11-07,-0.146595
1986-11-14,-0.163269
1986-11-21,-0.170857
1986-11-28,-0.16737
1986-12-05,-0.15086
1986-12-12,-0.124641
1986-12-19,-0.093849
1986-12-26,-0.068665
1987-01-02,-0.062882
1987-01-09,-0.0764
1987-01-16,-0.102928
1987-01-23,-0.132247
1987-01-30,-0.153054
1987-02-06,-0.158683
1987-02-13,-0.151441
1987-02-20,-0.137509
1987-02-27,-0.126577
1987-03-06,-0.117214
1987-03-13,-0.096898
1987-03-20,-0.051852
1987-03-27,0.027317
1987-04-03,0.145464
1987-04-10,0.296668
1987-04-17,0.471671
1987-04-24,0.655037
1987-05-01,0.831225
1987-05-08,0.992196
1987-05-15,1.116594
1987-05-22,1.195511
1987-05-29,1.20992
1987-06-05,1.167003
1987-06-12,1.082889
1987-06-19,0.975395
1987-06-26,0.869947
1987-07-03,0.776926
1987-07-10,0.691839
1987-07-17,0.600149
1987-07-24,0.494663
1987-07-31,0.383012
1987-08-07,0.285958
1987-08-14,0.22276
1987-08-21,0.216461
1987-08-28,0.267332
1987-09-04,0.370147
1987-09-11,0.509319
1987-09-18,0.683369
1987-09-25,0.891559
1987-10-02,1.132561
1987-10-09,1.378971
1987-10-16,1.594527
1987-10-23,1.743671
1987-10-30,1.797821
1987-11-06,1.760728
1987-11-13,1.678306
1987-11-20,1.594849
1987-11-27,1.536377
1987-12-04,1.508601
1987-12-11,1.47943
1987-12-18,1.428652
1987-12-25,1.334171
1988-01-01,1.201094
1988-01-08,1.049962
1988-01-15,0.907517
1988-01-22,0.781744
1988-01-29,0.674973
1988-02-05,0.580092
1988-02-12,0.493074
1988-02-19,0.417018
1988-02-26,0.357576
1988-03-04,0.323289
1988-03-11,0.318457
1988-03-18,0.340452
1988-03-25,0.376152
1988-04-01,0.419951
1988-04-08,0.464732
1988-04-15,0.504772
1988-04-22,0.54066
1988-04-29,0.565988
1988-05-06,0.579177
1988-05-13,0.580187
1988-05-20,0.56879
1988-05-27,0.550964
1988-06-03,0.53784
1988-06-10,0.535297
1988-06-17,0.547645
1988-06-24,0.573792
1988-07-01,0.608365
1988-07-08,0.643639
1988-07-15,0.677465
1988-07-22,0.70734
1988-07-29,0.729756
1988-08-05,0.742916
1988-08-12,0.739216
1988-08-19,0.711346
1988-08-26,0.656687
1988-09-02,0.584508
1988-09-09,0.506523
1988-09-16,0.441003
1988-09-23,0.396867
1988-09-30,0.372701
1988-10-07,0.358129
1988-10-14,0.341335
1988-10-21,0.315863
1988-10-28,0.28437
1988-11-04,0.255026
1988-11-11,0.237154
1988-11-18,0.232622
1988-11-25,0.238846
1988-12-02,0.246743
1988-12-09,0.249956
1988-12-16,0.246428
1988-12-23,0.241038
1988-12-30,0.236733
1989-01-06,0.237668
1989-01-13,0.242831
1989-01-20,0.251369
1989-01-27,0.267044
1989-02-03,0.298998
1989-02-10,0.356958
1989-02-17,0.448593
1989-02-24,0.56899
1989-03-03,0.707788
1989-03-10,0.842163
1989-03-17,0.955546
1989-03-24,1.033063
1989-03-31,1.069351
1989-04-07,1.068114
1989-04-14,1.033787
1989-04-21,0.966126
1989-04-28,0.872102
1989-05-05,0.75222
1989-05-12,0.61827
1989-05-19,0.485842
1989-05-26,0.378218
1989-06-02,0.312221
1989-06-09,0.292576
1989-06-16,0.307165
1989-06-23,0.33216
1989-06-30,0.339812
1989-07-07,0.315242
1989-07-14,0.253983
1989-07-21,0.175577
1989-07-28,0.104774
1989-08-04,0.061015
1989-08-11,0.06078
1989-08-18,0.101774
1989-08-25,0.173983
1989-09-01,0.265303
1989-09-08,0.362459
1989-09-15,0.454688
1989-09-22,0.531058
1989-09-29,0.585153
1989-10-06,0.607066
1989-10-13,0.589431
1989-10-20,0.536111
1989-10-27,0.455403
1989-11-03,0.361877
1989-11-10,0.273145
1989-11-17,0.197098
1989-11-24,0.138579
1989-12-01,0.094941
1989-12-08,0.060611
1989-12-15,0.033149
1989-12-22,0.012093
1989-12-29,-0.003116
1990-01-05,-0.009757
1990-01-12,-0.012415
1990-01-19,-0.018063
1990-01-26,-0.029851
1990-02-02,-0.05355
1990-02-09,-0.086886
1990-02-16,-0.123324
1990-02-23,-0.156521
1990-03-02,-0.180255
1990-03-09,-0.192793
1990-03-16,-0.191493
1990-03-23,-0.179675
1990-03-30,-0.156844
1990-04-06,-0.12415
1990-04-13,-0.087335
1990-04-20,-0.051155
1990-04-27,-0.025908
1990-05-04,-0.021589
1990-05-11,-0.042236
1990-05-18,-0.083341
1990-05-25,-0.134434
1990-06-01,-0.182587
1990-06-08,-0.216168
1990-06-15,-0.23339
1990-06-22,-0.237708
1990-06-29,-0.232697
1990-07-06,-0.222284
1990-07-13,-0.206683
1990-07-20,-0.180985
1990-07-27,-0.143902
1990-08-03,-0.099101
1990-08-10,-0.052867
1990-08-17,-0.013197
1990-08-24,0.020321
1990-08-31,0.052948
1990-09-07,0.095171
1990-09-14,0.152403
1990-09-21,0.221785
1990-09-28,0.292107
1990-10-05,0.339831
1990-10-12,0.356937
1990-10-19,0.34523
1990-10-26,0.312305
1990-11-02,0.276646
1990-11-09,0.251847
1990-11-16,0.242589
1990-11-23,0.249288
1990-11-30,0.272569
1990-12-07,0.306177
1990-12-14,0.353247
1990-12-21,0.415136
1990-12-28,0.474333
1991-01-04,0.509477
1991-01-11,0.51104
1991-01-18,0.464561
1991-01-25,0.370857
1991-02-01,0.260906
1991-02-08,0.156142
1991-02-15,0.076697
1991-02-22,0.028894
1991-03-01,0.004242
1991-03-08,-0.013963
1991-03-15,-0.036919
1991-03-22,-0.067523
1991-03-29,-0.101585
1991-04-05,-0.12916
1991-04-12,-0.14581
1991-04-19,-0.152297
1991-04-26,-0.150186
1991-05-03,-0.144162
1991-05-10,-0.136391
1991-05-17,-0.123233
1991-05-24,-0.103536
1991-05-31,-0.080419
1991-06-07,-0.062394
1991-06-14,-0.059303
1991-06-21,-0.082472
1991-06-28,-0.134245
1991-07-05,-0.213636
1991-07-12,-0.305342
1991-07-19,-0.396571
1991-07-26,-0.474541
1991-08-02,-0.532598
1991-08-09,-0.572258
1991-08-16,-0.5971
1991-08-23,-0.614303
1991-08-30,-0.629919
1991-09-06,-0.640905
1991-09-13,-0.649923
1991-09-20,-0.652338
1991-09-27,-0.647984
1991-10-04,-0.641836
1991-10-11,-0.640233
1991-10-18,-0.644119
1991-10-25,-0.656101
1991-11-01,-0.670374
1991-11-08,-0.679975
1991-11-15,-0.682652
1991-11-22,-0.681199
1991-11-29,-0.683559
1991-12-06,-0.697685
1991-12-13,-0.726627
1991-12-20,-0.758372
1991-12-27,-0.785922
1992-01-03,-0.796916
1992-01-10,-0.785793
1992-01-17,-0.761292
1992-01-24,-0.736861
1992-01-31,-0.725086
1992-02-07,-0.727922
1992-02-14,-0.73988
1992-02-21,-0.750052
1992-02-28,-0.751559
1992-03-06,-0.744586
1992-03-13,-0.733766
1992-03-20,-0.730737
1992-03-27,-0.742593
1992-04-03,-0.765462
1992-04-10,-0.795351
1992-04-17,-0.822786
1992-04-24,-0.844524
1992-05-01,-0.86117
1992-05-08,-0.87574
1992-05-15,-0.89116
1992-05-22,-0.910931
1992-05-29,-0.930047
1992-06-05,-0.947497
1992-06-12,-0.964349
1992-06-19,-0.98102
1992-06-26,-0.998711
1992-07-03,-1.017594
1992-07-10,-1.032503
1992-07-17,-1.041458
1992-07-24,-1.038917
1992-07-31,-1.025558
1992-08-07,-1.00695
1992-08-14,-0.989056
1992-08-21,-0.975531
1992-08-28,-0.965048
1992-09-04,-0.954706
1992-09-11,-0.939473
1992-09-18,-0.912856
1992-09-25,-0.878643
1992-10-02,-0.840318
1992-10-09,-0.805436
1992-10-16,-0.774168
1992-10-23,-0.745894
1992-10-30,-0.720374
1992-11-06,-0.699866
1992-11-13,-0.686847
1992-11-20,-0.692899
1992-11-27,-0.724952
1992-12-04,-0.789269
1992-12-11,-0.870928
1992-12-18,-0.9543
1992-12-25,-1.02489
1993-01-01,-1.072049
1993-01-08,-1.092037
1993-01-15,-1.095835
1993-01-22,-1.092332
1993-01-29,-1.087484
1993-02-05,-1.086066
1993-02-12,-1.086022
1993-02-19,-1.085253
1993-02-26,-1.084192
1993-03-05,-1.083418
1993-03-12,-1.083691
1993-03-19,-1.086754
1993-03-26,-1.091133
1993-04-02,-1.095062
1993-04-09,-1.098931
1993-04-16,-1.100459
1993-04-23,-1.100938
1993-04-30,-1.102993
1993-05-07,-1.102184
1993-05-14,-1.098908
1993-05-21,-1.094899
1993-05-28,-1.091019
1993-06-04,-1.091124
1993-06-11,-1.09978
1993-06-18,-1.117639
1993-06-25,-1.143455
1993-07-02,-1.171637
1993-07-09,-1.197808
1993-07-16,-1.215918
1993-07-23,-1.226522
1993-07-30,-1.229017
1993-08-06,-1.227769
1993-08-13,-1.224606
1993-08-20,-1.219584
1993-08-27,-1.210017
1993-09-03,-1.194964
1993-09-10,-1.173492
1993-09-17,-1.146975
1993-09-24,-1.120135
1993-10-01,-1.095775
1993-10-08,-1.075841
1993-10-15,-1.056523
1993-10-22,-1.034453
1993-10-29,-1.008611
1993-11-05,-0.981368
1993-11-12,-0.959435
1993-11-19,-0.947807
1993-11-26,-0.950662
1993-12-03,-0.966724
1993-12-10,-0.989829
1993-12-17,-1.012488
1993-12-24,-1.028512
1993-12-31,-1.034992
1994-01-07,-1.031694
1994-01-14,-1.023425
1994-01-21,-1.009775
1994-01-28,-0.995328
1994-02-04,-0.976598
1994-02-11,-0.952823
1994-02-18,-0.920103
1994-02-25,-0.878373
1994-03-04,-0.827251
1994-03-11,-0.773256
1994-03-18,-0.723024
1994-03-25,-0.68117
1994-04-01,-0.651278
1994-04-08,-0.633465
1994-04-15,-0.622213
1994-04-22,-0.61338
1994-04-29,-0.610082
1994-05-06,-0.609088
1994-05-13,-0.618602
1994-05-20,-0.637354
1994-05-27,-0.661098
1994-06-03,-0.677923
1994-06-10,-0.68423
1994-06-17,-0.673474
1994-06-24,-0.654088
1994-07-01,-0.633141
1994-07-08,-0.626412
1994-07-15,-0.636088
1994-07-22,-0.66022
1994-07-29,-0.693355
1994-08-05,-0.726979
1994-08-12,-0.756815
1994-08-19,-0.777031
1994-08-26,-0.783876
1994-09-02,-0.774168
1994-09-09,-0.744967
1994-09-16,-0.696964
1994-09-23,-0.636771
1994-09-30,-0.573347
1994-10-07,-0.51926
1994-10-14,-0.478732
1994-10-21,-0.452825
1994-10-28,-0.435633
1994-11-04,-0.419993
1994-11-11,-0.398399
1994-11-18,-0.3665
1994-11-25,-0.323127
1994-12-02,-0.274096
1994-12-09,-0.220553
1994-12-16,-0.17567
1994-12-23,-0.144074
1994-12-30,-0.135505
1995-01-06,-0.15072
1995-01-13,-0.189612
1995-01-20,-0.246728
1995-01-27,-0.312321
1995-02-03,-0.379352
1995-02-10,-0.4385
1995-02-17,-0.482739
1995-02-24,-0.509936
1995-03-03,-0.520899
1995-03-10,-0.518452
1995-03-17,-0.510452
1995-03-24,-0.500317
1995-03-31,-0.493791
1995-04-07,-0.492992
1995-04-14,-0.49973
1995-04-21,-0.517334
1995-04-28,-0.544375
1995-05-05,-0.57974
1995-05-12,-0.619346
1995-05-19,-0.653465
1995-05-26,-0.675172
1995-06-02,-0.679563
1995-06-09,-0.669305
1995-06-16,-0.647714
1995-06-23,-0.627328
1995-06-30,-0.613229
1995-07-07,-0.609644
1995-07-14,-0.618143
1995-07-21,-0.631132
1995-07-28,-0.64477
1995-08-04,-0.658907
1995-08-11,-0.671626
1995-08-18,-0.681905
1995-08-25,-0.689584
1995-09-01,-0.691101
1995-09-08,-0.685803
1995-09-15,-0.672562
1995-09-22,-0.653367
1995-09-29,-0.633028
1995-10-06,-0.622771
1995-10-13,-0.620509
1995-10-20,-0.629666
1995-10-27,-0.647543
1995-11-03,-0.671242
1995-11-10,-0.695328
1995-11-17,-0.7142
1995-11-24,-0.726332
1995-12-01,-0.731273
1995-12-08,-0.727564
1995-12-15,-0.715575
1995-12-22,-0.701101
1995-12-29,-0.693043
1996-01-05,-0.698398
1996-01-12,-0.719988
1996-01-19,-0.758097
1996-01-26,-0.805232
1996-02-02,-0.84875
1996-02-09,-0.874057
1996-02-16,-0.878667
1996-02-23,-0.862186
1996-03-01,-0.831136
1996-03-08,-0.800093
1996-03-15,-0.769177
1996-03-22,-0.743526
1996-03-29,-0.718043
1996-04-05,-0.691139
1996-04-12,-0.663687
1996-04-19,-0.643824
1996-04-26,-0.638164
1996-05-03,-0.647318
1996-05-10,-0.666967
1996-05-17,-0.686114
1996-05-24,-0.692945
1996-05-31,-0.682424
1996-06-07,-0.657584
1996-06-14,-0.626484
1996-06-21,-0.598823
1996-06-28,-0.586681
1996-07-05,-0.584835
1996-07-12,-0.594941
1996-07-19,-0.61149
1996-07-26,-0.63042
1996-08-02,-0.647881
1996-08-09,-0.666625
1996-08-16,-0.677317
1996-08-23,-0.67898
1996-08-30,-0.669373
1996-09-06,-0.648651
1996-09-13,-0.624056
1996-09-20,-0.604919
1996-09-27,-0.600256
1996-10-04,-0.616869
1996-10-11,-0.655582
1996-10-18,-0.710061
1996-10-25,-0.770938
1996-11-01,-0.828204
1996-11-08,-0.871151
1996-11-15,-0.891187
1996-11-22,-0.892361
1996-11-29,-0.877173
1996-12-06,-0.854712
1996-12-13,-0.831404
1996-12-20,-0.812724
1996-12-27,-0.798789
1997-01-03,-0.788912
1997-01-10,-0.779739
1997-01-17,-0.777395
1997-01-24,-0.781829
1997-01-31,-0.792851
1997-02-07,-0.806168
1997-02-14,-0.81786
1997-02-21,-0.817456
1997-02-28,-0.803245
1997-03-07,-0.776297
1997-03-14,-0.740021
1997-03-21,-0.701154
1997-03-28,-0.663214
1997-04-04,-0.626965
1997-04-11,-0.592624
1997-04-18,-0.561765
1997-04-25,-0.534589
1997-05-02,-0.516285
1997-05-09,-0.506719
1997-05-16,-0.503433
1997-05-23,-0.502487
1997-05-30,-0.499699
1997-06-06,-0.495082
1997-06-13,-0.490385
1997-06-20,-0.49057
1997-06-27,-0.499252
1997-07-04,-0.517398
1997-07-11,-0.539447
1997-07-18,-0.559752
1997-07-25,-0.571428
1997-08-01,-0.571731
1997-08-08,-0.561554
1997-08-15,-0.544964
1997-08-22,-0.527677
1997-08-29,-0.513483
1997-09-05,-0.503214
1997-09-12,-0.492929
1997-09-19,-0.479951
1997-09-26,-0.46204
1997-10-03,-0.440996
1997-10-10,-0.417083
1997-10-17,-0.395943
1997-10-24,-0.379297
1997-10-31,-0.370611
1997-11-07,-0.371601
1997-11-14,-0.378982
1997-11-21,-0.395665
1997-11-28,-0.419971
1997-12-05,-0.449395
1997-12-12,-0.476556
1997-12-19,-0.499767
1997-12-26,-0.515796
1998-01-02,-0.519569
1998-01-09,-0.519265
1998-01-16,-0.522329
1998-01-23,-0.532213
1998-01-30,-0.553767
1998-02-06,-0.580524
1998-02-13,-0.602193
1998-02-20,-0.611564
1998-02-27,-0.603959
1998-03-06,-0.580501
1998-03-13,-0.554153
1998-03-20,-0.534739
1998-03-27,-0.524723
1998-04-03,-0.522892
1998-04-10,-0.522994
1998-04-17,-0.515958
1998-04-24,-0.498434
1998-05-01,-0.474888
1998-05-08,-0.453108
1998-05-15,-0.438985
1998-05-22,-0.433643
1998-05-29,-0.428796
1998-06-05,-0.421197
1998-06-12,-0.404165
1998-06-19,-0.383054
1998-06-26,-0.365139
1998-07-03,-0.360008
1998-07-10,-0.370897
1998-07-17,-0.387711
1998-07-24,-0.396134
1998-07-31,-0.383723
1998-08-07,-0.344412
1998-08-14,-0.283126
1998-08-21,-0.213679
1998-08-28,-0.144629
1998-09-04,-0.080757
1998-09-11,-0.012819
1998-09-18,0.068751
1998-09-25,0.164306
1998-10-02,0.260748
1998-10-09,0.332267
1998-10-16,0.358803
1998-10-23,0.325271
1998-10-30,0.249378
1998-11-06,0.155484
1998-11-13,0.080826
1998-11-20,0.030605
1998-11-27,0.009954
1998-12-04,-0.000617
1998-12-11,-0.016724
1998-12-18,-0.048225
1998-12-25,-0.088625
1999-01-01,-0.122664
1999-01-08,-0.140065
1999-01-15,-0.142993
1999-01-22,-0.139813
1999-01-29,-0.142968
1999-02-05,-0.159447
1999-02-12,-0.188243
1999-02-19,-0.221859
1999-02-26,-0.249428
1999-03-05,-0.266141
1999-03-12,-0.272819
1999-03-19,-0.27318
1999-03-26,-0.271073
1999-04-02,-0.269649
1999-04-09,-0.269805
1999-04-16,-0.271065
1999-04-23,-0.273787
1999-04-30,-0.278331
1999-05-07,-0.283379
1999-05-14,-0.280506
1999-05-21,-0.267179
1999-05-28,-0.241685
1999-06-04,-0.206357
1999-06-11,-0.168755
1999-06-18,-0.13759
1999-06-25,-0.114503
1999-07-02,-0.099086
1999-07-09,-0.081602
1999-07-16,-0.053035
1999-07-23,-0.013531
1999-07-30,0.031765
1999-08-06,0.076645
1999-08-13,0.109625
1999-08-20,0.125626
1999-08-27,0.131623
1999-09-03,0.138055
1999-09-10,0.155022
1999-09-17,0.185706
1999-09-24,0.227077
1999-10-01,0.271009
1999-10-08,0.305722
1999-10-15,0.315525
1999-10-22,0.29754
1999-10-29,0.258303
1999-11-05,0.207654
1999-11-12,0.158433
1999-11-19,0.120467
1999-11-26,0.104872
1999-12-03,0.105406
1999-12-10,0.113537
1999-12-17,0.118345
1999-12-24,0.114379
1999-12-31,0.101301
2000-01-07,0.081
2000-01-14,0.059349
2000-01-21,0.044556
2000-01-28,0.035165
2000-02-04,0.030384
2000-02-11,0.025429
2000-02-18,0.025063
2000-02-25,0.033838
2000-03-03,0.054452
2000-03-10,0.087436
2000-03-17,0.126197
2000-03-24,0.159909
2000-03-31,0.180941
2000-04-07,0.183512
2000-04-14,0.184305
2000-04-21,0.193841
2000-04-28,0.222121
2000-05-05,0.268437
2000-05-12,0.320869
2000-05-19,0.369094
2000-05-26,0.401757
2000-06-02,0.415738
2000-06-09,0.413561
2000-06-16,0.403311
2000-06-23,0.383565
2000-06-30,0.352683
2000-07-07,0.304024
2000-07-14,0.241652
2000-07-21,0.172473
2000-07-28,0.105874
2000-08-04,0.053491
2000-08-11,0.020246
2000-08-18,0.003568
2000-08-25,-0.004578
2000-09-01,-0.011906
2000-09-08,-0.019412
2000-09-15,-0.025153
2000-09-22,-0.024966
2000-09-29,-0.017359
2000-10-06,-0.006917
2000-10-13,0.000947
2000-10-20,-0.003647
2000-10-27,-0.018105
2000-11-03,-0.03393
2000-11-10,-0.040531
2000-11-17,-0.02872
2000-11-24,0.001202
2000-12-01,0.040324
2000-12-08,0.072665
2000-12-15,0.086993
2000-12-22,0.080078
2000-12-29,0.049229
2001-01-05,0.009029
2001-01-12,-0.031632
2001-01-19,-0.068699
2001-01-26,-0.098092
2001-02-02,-0.125357
2001-02-09,-0.14779
2001-02-16,-0.165254
2001-02-23,-0.173827
2001-03-02,-0.174651
2001-03-09,-0.168741
2001-03-16,-0.15839
2001-03-23,-0.154494
2001-03-30,-0.161929
2001-04-06,-0.182489
2001-04-13,-0.214037
2001-04-20,-0.251107
2001-04-27,-0.284838
2001-05-04,-0.313884
2001-05-11,-0.334316
2001-05-18,-0.34832
2001-05-25,-0.362125
2001-06-01,-0.378085
2001-06-08,-0.395934
2001-06-15,-0.41321
2001-06-22,-0.426664
2001-06-29,-0.434187
2001-07-06,-0.438758
2001-07-13,-0.441904
2001-07-20,-0.449955
2001-07-27,-0.465413
2001-08-03,-0.482647
2001-08-10,-0.491217
2001-08-17,-0.485838
2001-08-24,-0.461845
2001-08-31,-0.425032
2001-09-07,-0.386116
2001-09-14,-0.353015
2001-09-21,-0.337345
2001-09-28,-0.344411
2001-10-05,-0.359928
2001-10-12,-0.382461
2001-10-19,-0.408451
2001-10-26,-0.435693
2001-11-02,-0.459497
2001-11-09,-0.477206
2001-11-16,-0.480851
2001-11-23,-0.464512
2001-11-30,-0.430896
2001-12-07,-0.392183
2001-12-14,-0.364581
2001-12-21,-0.361802
2001-12-28,-0.390004
2002-01-04,-0.438697
2002-01-11,-0.492756
2002-01-18,-0.536855
2002-01-25,-0.557799
2002-02-01,-0.557451
2002-02-08,-0.544561
2002-02-15,-0.530022
2002-02-22,-0.520071
2002-03-01,-0.516783
2002-03-08,-0.514292
2002-03-15,-0.508927
2002-03-22,-0.500577
2002-03-29,-0.49217
2002-04-05,-0.492879
2002-04-12,-0.508886
2002-04-19,-0.541223
2002-04-26,-0.582034
2002-05-03,-0.625557
2002-05-10,-0.655447
2002-05-17,-0.669893
2002-05-24,-0.667171
2002-05-31,-0.654783
2002-06-07,-0.63862
2002-06-14,-0.624025
2002-06-21,-0.611642
2002-06-28,-0.597975
2002-07-05,-0.579868
2002-07-12,-0.553853
2002-07-19,-0.525093
2002-07-26,-0.497093
2002-08-02,-0.478271
2002-08-09,-0.466872
2002-08-16,-0.465257
2002-08-23,-0.464926
2002-08-30,-0.461404
2002-09-06,-0.45105
2002-09-13,-0.43505
2002-09-20,-0.417958
2002-09-27,-0.406121
2002-10-04,-0.403088
2002-10-11,-0.410536
2002-10-18,-0.428304
2002-10-25,-0.447941
2002-11-01,-0.46908
2002-11-08,-0.486454
2002-11-15,-0.498072
2002-11-22,-0.502325
2002-11-29,-0.500222
2002-12-06,-0.494948
2002-12-13,-0.491903
2002-12-20,-0.493758
2002-12-27,-0.502786
2003-01-03,-0.519798
2003-01-10,-0.540051
2003-01-17,-0.558991
2003-01-24,-0.572508
2003-01-31,-0.581901
2003-02-07,-0.58681
2003-02-14,-0.589736
2003-02-21,-0.592767
2003-02-28,-0.597482
2003-03-07,-0.605625
2003-03-14,-0.618466
2003-03-21,-0.640605
2003-03-28,-0.672153
2003-04-04,-0.713036
2003-04-11,-0.756561
2003-04-18,-0.796779
2003-04-25,-0.827636
2003-05-02,-0.845832
2003-05-09,-0.850245
2003-05-16,-0.844344
2003-05-23,-0.832005
2003-05-30,-0.816681
2003-06-06,-0.799514
2003-06-13,-0.784146
2003-06-20,-0.772758
2003-06-27,-0.765352
2003-07-04,-0.762105
2003-07-11,-0.762721
2003-07-18,-0.762666
2003-07-25,-0.759384
2003-08-01,-0.749209
2003-08-08,-0.736557
2003-08-15,-0.722726
2003-08-22,-0.713176
2003-08-29,-0.708655
2003-09-05,-0.710923
2003-09-12,-0.71725
2003-09-19,-0.725074
2003-09-26,-0.731414
2003-10-03,-0.736462
2003-10-10,-0.741209
2003-10-17,-0.746501
2003-10-24,-0.750365
2003-10-31,-0.754286
2003-11-07,-0.754214
2003-11-14,-0.749194
2003-11-21,-0.740145
2003-11-28,-0.728736
2003-12-05,-0.716871
2003-12-12,-0.709316
2003-12-19,-0.706434
2003-12-26,-0.707374
2004-01-02,-0.711564
2004-01-09,-0.716547
2004-01-16,-0.722625
2004-01-23,-0.730478
2004-01-30,-0.741184
2004-02-06,-0.753936
2004-02-13,-0.767302
2004-02-20,-0.777745
2004-02-27,-0.781732
2004-03-05,-0.780207
2004-03-12,-0.776639
2004-03-19,-0.773956
2004-03-26,-0.774648
2004-04-02,-0.778222
2004-04-09,-0.779893
2004-04-16,-0.773711
2004-04-23,-0.757526
2004-04-30,-0.734948
2004-05-07,-0.712486
2004-05-14,-0.697565
2004-05-21,-0.694313
2004-05-28,-0.700486
2004-06-04,-0.711701
2004-06-11,-0.71773
2004-06-18,-0.716358
2004-06-25,-0.710049
2004-07-02,-0.703056
2004-07-09,-0.701516
2004-07-16,-0.707325
2004-07-23,-0.720611
2004-07-30,-0.737432
2004-08-06,-0.751842
2004-08-13,-0.760764
2004-08-20,-0.763844
2004-08-27,-0.760726
2004-09-03,-0.752321
2004-09-10,-0.741827
2004-09-17,-0.729181
2004-09-24,-0.714497
2004-10-01,-0.698978
2004-10-08,-0.684441
2004-10-15,-0.673168
2004-10-22,-0.667981
2004-10-29,-0.667347
2004-11-05,-0.671677
2004-11-12,-0.679889
2004-11-19,-0.687303
2004-11-26,-0.691403
2004-12-03,-0.692004
2004-12-10,-0.687931
2004-12-17,-0.680454
2004-12-24,-0.672875
2004-12-31,-0.668276
2005-01-07,-0.66813
2005-01-14,-0.672285
2005-01-21,-0.680266
2005-01-28,-0.691185
2005-02-04,-0.704233
2005-02-11,-0.713445
2005-02-18,-0.717079
2005-02-25,-0.713014
2005-03-04,-0.699282
2005-03-11,-0.676818
2005-03-18,-0.648844
2005-03-25,-0.620743
2005-04-01,-0.595617
2005-04-08,-0.575692
2005-04-15,-0.562077
2005-04-22,-0.554924
2005-04-29,-0.551154
2005-05-06,-0.550186
2005-05-13,-0.549452
2005-05-20,-0.549519
2005-05-27,-0.549989
2005-06-03,-0.548454
2005-06-10,-0.547406
2005-06-17,-0.54705
2005-06-24,-0.549783
2005-07-01,-0.555372
2005-07-08,-0.562181
2005-07-15,-0.569483
2005-07-22,-0.573709
2005-07-29,-0.573397
2005-08-05,-0.567923
2005-08-12,-0.560613
2005-08-19,-0.549682
2005-08-26,-0.535502
2005-09-02,-0.517279
2005-09-09,-0.496478
2005-09-16,-0.475532
2005-09-23,-0.461025
2005-09-30,-0.457782
2005-10-07,-0.470193
2005-10-14,-0.494645
2005-10-21,-0.522859
2005-10-28,-0.547699
2005-11-04,-0.561415
2005-11-11,-0.562405
2005-11-18,-0.550671
2005-11-25,-0.530936
2005-12-02,-0.507694
2005-12-09,-0.484552
2005-12-16,-0.463758
2005-12-23,-0.450421
2005-12-30,-0.443589
2006-01-06,-0.446526
2006-01-13,-0.45749
2006-01-20,-0.471796
2006-01-27,-0.487717
2006-02-03,-0.49929
2006-02-10,-0.50638
2006-02-17,-0.508995
2006-02-24,-0.507709
2006-03-03,-0.503833
2006-03-10,-0.498406
2006-03-17,-0.493253
2006-03-24,-0.488841
2006-03-31,-0.484235
2006-04-07,-0.482927
2006-04-14,-0.482566
2006-04-21,-0.484884
2006-04-28,-0.487642
2006-05-05,-0.48671
2006-05-12,-0.483038
2006-05-19,-0.471795
2006-05-26,-0.454564
2006-06-02,-0.433361
2006-06-09,-0.41163
2006-06-16,-0.391878
2006-06-23,-0.37865
2006-06-30,-0.374478
2006-07-07,-0.3792
2006-07-14,-0.3922
2006-07-21,-0.412566
2006-07-28,-0.436899
2006-08-04,-0.461051
2006-08-11,-0.482635
2006-08-18,-0.497177
2006-08-25,-0.503478
2006-09-01,-0.502799
2006-09-08,-0.499039
2006-09-15,-0.496487
2006-09-22,-0.500281
2006-09-29,-0.511457
2006-10-06,-0.530311
2006-10-13,-0.552837
2006-10-20,-0.573372
2006-10-27,-0.587703
2006-11-03,-0.589928
2006-11-10,-0.58006
2006-11-17,-0.555644
2006-11-24,-0.520696
2006-12-01,-0.481249
2006-12-08,-0.444995
2006-12-15,-0.421916
2006-12-22,-0.414579
2006-12-29,-0.420745
2007-01-05,-0.436537
2007-01-12,-0.456247
2007-01-19,-0.476661
2007-01-26,-0.496576
2007-02-02,-0.514342
2007-02-09,-0.529132
2007-02-16,-0.534362
2007-02-23,-0.526845
2007-03-02,-0.504618
2007-03-09,-0.478264
2007-03-16,-0.454651
2007-03-23,-0.443035
2007-03-30,-0.444589
2007-04-06,-0.453783
2007-04-13,-0.457308
2007-04-20,-0.447186
2007-04-27,-0.421125
2007-05-04,-0.386272
2007-05-11,-0.356723
2007-05-18,-0.337774
2007-05-25,-0.327224
2007-06-01,-0.31896
2007-06-08,-0.307627
2007-06-15,-0.286178
2007-06-22,-0.267931
2007-06-29,-0.263664
2007-07-06,-0.27363
2007-07-13,-0.28007
2007-07-20,-0.252261
2007-07-27,-0.152768
2007-08-03,0.029095
2007-08-10,0.276558
2007-08-17,0.544913
2007-08-24,0.763119
2007-08-31,0.866121
2007-09-07,0.859777
2007-09-14,0.761264
2007-09-21,0.604219
2007-09-28,0.45996
2007-10-05,0.348401
2007-10-12,0.281211
2007-10-19,0.264796
2007-10-26,0.294147
2007-11-02,0.377277
2007-11-09,0.526976
2007-11-16,0.72094
2007-11-23,0.932809
2007-11-30,1.105735
2007-12-07,1.192624
2007-12-14,1.180311
2007-12-21,1.082302
2007-12-28,0.947036
2008-01-04,0.836269
2008-01-11,0.775909
2008-01-18,0.765548
2008-01-25,0.793498
2008-02-01,0.826077
2008-02-08,0.880315
2008-02-15,0.970302
2008-02-22,1.109376
2008-02-29,1.283447
2008-03-07,1.463791
2008-03-14,1.585757
2008-03-21,1.615875
2008-03-28,1.550286
2008-04-04,1.429228
2008-04-11,1.3005
2008-04-18,1.195596
2008-04-25,1.114451
2008-05-02,1.040102
2008-05-09,0.960023
2008-05-16,0.869826
2008-05-23,0.797613
2008-05-30,0.779392
2008-06-06,0.839239
2008-06-13,0.952431
2008-06-20,1.086272
2008-06-27,1.194176
2008-07-04,1.229566
2008-07-11,1.204028
2008-07-18,1.154681
2008-07-25,1.10401
2008-08-01,1.081262
2008-08-08,1.077407
2008-08-15,1.063951
2008-08-22,1.055204
2008-08-29,1.07839
2008-09-05,1.195713
2008-09-12,1.468511
2008-09-19,1.919503
2008-09-26,2.415082
2008-10-03,2.864495
2008-10-10,3.15177
2008-10-17,3.208715
2008-10-24,3.103735
2008-10-31,2.998042
2008-11-07,2.975795
2008-11-14,3.099219
2008-11-21,3.33117
2008-11-28,3.50149
2008-12-05,3.553589
2008-12-12,3.433046
2008-12-19,3.175892
2008-12-26,2.892639
2009-01-02,2.682601
2009-01-09,2.545603
2009-01-16,2.474545
2009-01-23,2.423087
2009-01-30,2.362424
2009-02-06,2.315371
2009-02-13,2.321593
2009-02-20,2.394422
2009-02-27,2.513849
2009-03-06,2.630136
2009-03-13,2.660251
2009-03-20,2.58765
2009-03-27,2.428745
2009-04-03,2.23482
2009-04-10,2.051757
2009-04-17,1.908377
2009-04-24,1.79366
2009-05-01,1.67262
2009-05-08,1.528137
2009-05-15,1.374313
2009-05-22,1.230411
2009-05-29,1.141872
2009-06-05,1.11181
2009-06-12,1.131949
2009-06-19,1.170315
2009-06-26,1.17443
2009-07-03,1.123558
2009-07-10,1.017802
2009-07-17,0.876848
2009-07-24,0.737415
2009-07-31,0.627242
2009-08-07,0.554936
2009-08-14,0.513268
2009-08-21,0.481252
2009-08-28,0.441199
2009-09-04,0.391153
2009-09-11,0.33497
2009-09-18,0.285176
2009-09-25,0.251717
2009-10-02,0.239081
2009-10-09,0.23247
2009-10-16,0.223349
2009-10-23,0.206108
2009-10-30,0.18417
2009-11-06,0.156057
2009-11-13,0.128884
2009-11-20,0.107024
2009-11-27,0.083784
2009-12-04,0.050743
2009-12-11,0.002177
2009-12-18,-0.058905
2009-12-25,-0.121267
2010-01-01,-0.167525
2010-01-08,-0.191469
2010-01-15,-0.184136
2010-01-22,-0.152657
2010-01-29,-0.12057
2010-02-05,-0.103722
2010-02-12,-0.114337
2010-02-19,-0.154699
2010-02-26,-0.209466
2010-03-05,-0.267794
2010-03-12,-0.32159
2010-03-19,-0.367628
2010-03-26,-0.412101
2010-04-02,-0.454512
2010-04-09,-0.487086
2010-04-16,-0.493295
2010-04-23,-0.459644
2010-04-30,-0.379587
2010-05-07,-0.264594
2010-05-14,-0.14884
2010-05-21,-0.046208
2010-05-28,0.01681
2010-06-04,0.036734
2010-06-11,0.029689
2010-06-18,-0.002136
2010-06-25,-0.041657
2010-07-02,-0.08726
2010-07-09,-0.146869
2010-07-16,-0.210924
2010-07-23,-0.268221
2010-07-30,-0.309453
2010-08-06,-0.324437
2010-08-13,-0.314111
2010-08-20,-0.29493
2010-08-27,-0.281873
2010-09-03,-0.285135
2010-09-10,-0.308421
2010-09-17,-0.340332
2010-09-24,-0.368234
2010-10-01,-0.39183
2010-10-08,-0.409517
2010-10-15,-0.426845
2010-10-22,-0.445782
2010-10-29,-0.464945
2010-11-05,-0.477122
2010-11-12,-0.478634
2010-11-19,-0.474908
2010-11-26,-0.472108
2010-12-03,-0.482888
2010-12-10,-0.512272
2010-12-17,-0.551925
2010-12-24,-0.592526
2010-12-31,-0.625599
2011-01-07,-0.646975
2011-01-14,-0.662754
2011-01-21,-0.681191
2011-01-28,-0.703768
2011-02-04,-0.726021
2011-02-11,-0.736562
2011-02-18,-0.722813
2011-02-25,-0.684519
2011-03-04,-0.635047
2011-03-11,-0.590819
2011-03-18,-0.566155
2011-03-25,-0.570162
2011-04-01,-0.591411
2011-04-08,-0.616672
2011-04-15,-0.633107
2011-04-22,-0.637023
2011-04-29,-0.636289
2011-05-06,-0.637498
2011-05-13,-0.64319
2011-05-20,-0.650596
2011-05-27,-0.649007
2011-06-03,-0.633748
2011-06-10,-0.605188
2011-06-17,-0.58078
2011-06-24,-0.571998
2011-07-01,-0.584886
2011-07-08,-0.604236
2011-07-15,-0.604551
2011-07-22,-0.568553
2011-07-29,-0.487609
2011-08-05,-0.370292
2011-08-12,-0.248265
2011-08-19,-0.155091
2011-08-26,-0.088473
2011-09-02,-0.051311
2011-09-09,-0.018978
2011-09-16,0.013236
2011-09-23,0.045169
2011-09-30,0.057938
2011-10-07,0.040726
2011-10-14,-0.010044
2011-10-21,-0.065657
2011-10-28,-0.105652
2011-11-04,-0.106469
2011-11-11,-0.073564
2011-11-18,-0.025929
2011-11-25,0.01402
2011-12-02,0.022313
2011-12-09,0.008377
2011-12-16,-0.016378
2011-12-23,-0.047147
2011-12-30,-0.081938
2012-01-06,-0.125136
2012-01-13,-0.184422
2012-01-20,-0.254898
2012-01-27,-0.321727
2012-02-03,-0.368454
2012-02-10,-0.39023
2012-02-17,-0.391616
2012-02-24,-0.392205
2012-03-02,-0.405868
2012-03-09,-0.430127
2012-03-16,-0.460409
2012-03-23,-0.478437
2012-03-30,-0.473927
2012-04-06,-0.451339
2012-04-13,-0.420571
2012-04-20,-0.394582
2012-04-27,-0.37242
2012-05-04,-0.348457
2012-05-11,-0.311301
2012-05-18,-0.260448
2012-05-25,-0.210855
2012-06-01,-0.172942
2012-06-08,-0.161895
2012-06-15,-0.181629
2012-06-22,-0.220766
2012-06-29,-0.261067
2012-07-06,-0.293455
2012-07-13,-0.311477
2012-07-20,-0.323582
2012-07-27,-0.33492
2012-08-03,-0.353874
2012-08-10,-0.379447
2012-08-17,-0.407496
2012-08-24,-0.434634
2012-08-31,-0.458383
2012-09-07,-0.483514
2012-09-14,-0.513395
2012-09-21,-0.545451
2012-09-28,-0.575613
2012-10-05,-0.60207
2012-10-12,-0.616824
2012-10-19,-0.62057
2012-10-26,-0.612766
2012-11-02,-0.603465
2012-11-09,-0.597027
2012-11-16,-0.59547
2012-11-23,-0.602172
2012-11-30,-0.60967
2012-12-07,-0.617345
2012-12-14,-0.626166
2012-12-21,-0.634655
2012-12-28,-0.643276
2013-01-04,-0.656683
2013-01-11,-0.666893
2013-01-18,-0.671059
2013-01-25,-0.669346
2013-02-01,-0.662611
2013-02-08,-0.656525
2013-02-15,-0.6598
2013-02-22,-0.672461
2013-03-01,-0.691614
2013-03-08,-0.718183
2013-03-15,-0.740756
2013-03-22,-0.755558
2013-03-29,-0.766614
2013-04-05,-0.775288
2013-04-12,-0.78558
2013-04-19,-0.798888
2013-04-26,-0.816738
2013-05-03,-0.833783
2013-05-10,-0.845412
2013-05-17,-0.843734
2013-05-24,-0.826383
2013-05-31,-0.793834
2013-06-07,-0.751036
2013-06-14,-0.708146
2013-06-21,-0.675723
2013-06-28,-0.662033
2013-07-05,-0.668104
2013-07-12,-0.69035
2013-07-19,-0.720996
2013-07-26,-0.748266
2013-08-02,-0.76436
2013-08-09,-0.769513
2013-08-16,-0.764722
2013-08-23,-0.756567
2013-08-30,-0.752071
2013-09-06,-0.75418
2013-09-13,-0.76169
2013-09-20,-0.771193
2013-09-27,-0.779451
2013-10-04,-0.785658
2013-10-11,-0.794789
2013-10-18,-0.808244
2013-10-25,-0.82577
2013-11-01,-0.845808
2013-11-08,-0.866132
2013-11-15,-0.881748
2013-11-22,-0.891498
2013-11-29,-0.898331
2013-12-06,-0.905827
2013-12-13,-0.916485
2013-12-20,-0.929913
2013-12-27,-0.941213
2014-01-03,-0.94359
2014-01-10,-0.935708
2014-01-17,-0.919384
2014-01-24,-0.901478
2014-01-31,-0.890584
2014-02-07,-0.891661
2014-02-14,-0.900984
2014-02-21,-0.910678
2014-02-28,-0.913867
2014-03-07,-0.905044
2014-03-14,-0.888341
2014-03-21,-0.870027
2014-03-28,-0.853815
2014-04-04,-0.84496
2014-04-11,-0.838338
2014-04-18,-0.830687
2014-04-25,-0.82076
2014-05-02,-0.810492
2014-05-09,-0.803593
2014-05-16,-0.805129
2014-05-23,-0.817137
2014-05-30,-0.83418
2014-06-06,-0.850376
2014-06-13,-0.860381
2014-06-20,-0.861546
2014-06-27,-0.855389
2014-07-04,-0.844091
2014-07-11,-0.831173
2014-07-18,-0.818135
2014-07-25,-0.80682
2014-08-01,-0.79722
2014-08-08,-0.793727
2014-08-15,-0.796404
2014-08-22,-0.801838
2014-08-29,-0.806729
2014-09-05,-0.808346
2014-09-12,-0.800095
2014-09-19,-0.782802
2014-09-26,-0.759011
2014-10-03,-0.736814
2014-10-10,-0.723073
2014-10-17,-0.718403
2014-10-24,-0.727683
2014-10-31,-0.742911
2014-11-07,-0.757467
2014-11-14,-0.764267
2014-11-21,-0.758677
2014-11-28,-0.743942
2014-12-05,-0.72337
2014-12-12,-0.699634
2014-12-19,-0.678105
2014-12-26,-0.660458
2015-01-02,-0.642756
2015-01-09,-0.624095
2015-01-16,-0.603876
2015-01-23,-0.58736
2015-01-30,-0.577821
2015-02-06,-0.576519
2015-02-13,-0.582609
2015-02-20,-0.592377
2015-02-27,-0.601175
2015-03-06,-0.604557
2015-03-13,-0.605346
2015-03-20,-0.607236
2015-03-27,-0.612151
2015-04-03,-0.619857
2015-04-10,-0.625946
2015-04-17,-0.626036
2015-04-24,-0.620646
2015-05-01,-0.608901
2015-05-08,-0.595521
2015-05-15,-0.588915
2015-05-22,-0.588377
2015-05-29,-0.59155
2015-06-05,-0.594138
2015-06-12,-0.590912
2015-06-19,-0.580456
2015-06-26,-0.569221
2015-07-03,-0.556371
2015-07-10,-0.548743
2015-07-17,-0.547031
2015-07-24,-0.54182
2015-07-31,-0.52929
2015-08-07,-0.508145
2015-08-14,-0.480407
2015-08-21,-0.449446
2015-08-28,-0.423442
2015-09-04,-0.407279
2015-09-11,-0.400796
2015-09-18,-0.401939
2015-09-25,-0.408034
2015-10-02,-0.416897
2015-10-09,-0.431923
2015-10-16,-0.44586
2015-10-23,-0.458457
2015-10-30,-0.469935
2015-11-06,-0.475574
2015-11-13,-0.473713
2015-11-20,-0.463952
2015-11-27,-0.446571
2015-12-04,-0.421603
2015-12-11,-0.390876
2015-12-18,-0.360919
2015-12-25,-0.335323
2016-01-01,-0.318215
2016-01-08,-0.305279
2016-01-15,-0.293234
2016-01-22,-0.280522
2016-01-29,-0.265616
2016-02-05,-0.24911
2016-02-12,-0.237861
2016-02-19,-0.24226
2016-02-26,-0.258869
2016-03-04,-0.282977
2016-03-11,-0.306615
2016-03-18,-0.32126
2016-03-25,-0.322251
2016-04-01,-0.313132
2016-04-08,-0.297272
2016-04-15,-0.284941
2016-04-22,-0.277948
2016-04-29,-0.274845
2016-05-06,-0.273774
2016-05-13,-0.274579
2016-05-20,-0.273719
2016-05-27,-0.271255
2016-06-03,-0.267323
2016-06-10,-0.26215
2016-06-17,-0.255021
2016-06-24,-0.250016
2016-07-01,-0.245733
2016-07-08,-0.2472
2016-07-15,-0.254509
2016-07-22,-0.262894
2016-07-29,-0.272557
2016-08-05,-0.276484
2016-08-12,-0.274292
2016-08-19,-0.264714
2016-08-26,-0.248952
2016-09-02,-0.231268
2016-09-09,-0.218471
2016-09-16,-0.211402
2016-09-23,-0.209636
2016-09-30,-0.214786
2016-10-07,-0.223944
2016-10-14,-0.235287
2016-10-21,-0.251825
2016-10-28,-0.276362
2016-11-04,-0.30523
2016-11-11,-0.338052
2016-11-18,-0.366075
2016-11-25,-0.384666
2016-12-02,-0.393286
2016-12-09,-0.392901
2016-12-16,-0.387225
2016-12-23,-0.380594
2016-12-30,-0.377639
2017-01-06,-0.374484
2017-01-13,-0.371865
2017-01-20,-0.368811
2017-01-27,-0.364817
2017-02-03,-0.362713
2017-02-10,-0.364323
2017-02-17,-0.368164
2017-02-24,-0.372442
2017-03-03,-0.379252
2017-03-10,-0.382739
2017-03-17,-0.384748
2017-03-24,-0.386814
2017-03-31,-0.392235
2017-04-07,-0.39814
2017-04-14,-0.405489
2017-04-21,-0.411585
2017-04-28,-0.419309
2017-05-05,-0.428211
2017-05-12,-0.440067
2017-05-19,-0.453992
2017-05-26,-0.470447
2017-06-02,-0.482227
2017-06-09,-0.487528
2017-06-16,-0.488886
2017-06-23,-0.487786
2017-06-30,-0.493841
2017-07-07,-0.504963
2017-07-14,-0.519172
2017-07-21,-0.530442
2017-07-28,-0.530641
2017-08-04,-0.517323
2017-08-11,-0.495488
2017-08-18,-0.472657
2017-08-25,-0.455862
2017-09-01,-0.448519
2017-09-08,-0.449565
2017-09-15,-0.458259
2017-09-22,-0.469022
2017-09-29,-0.482299
2017-10-06,-0.499066
2017-10-13,-0.51878
2017-10-20,-0.541522
2017-10-27,-0.564261
2017-11-03,-0.585164
2017-11-10,-0.598883
2017-11-17,-0.605884
2017-11-24,-0.606622
2017-12-01,-0.605352
2017-12-08,-0.604932
2017-12-15,-0.608786
2017-12-22,-0.617808
2017-12-29,-0.629442
2018-01-05,-0.639078
2018-01-12,-0.640343
2018-01-19,-0.632005
2018-01-26,-0.614258
2018-02-02,-0.590465
2018-02-09,-0.564356
2018-02-16,-0.544901
2018-02-23,-0.52901
2018-03-02,-0.514423
2018-03-09,-0.498537
2018-03-16,-0.480618
2018-03-23,-0.461336
2018-03-30,-0.448456
2018-04-06,-0.442139
2018-04-13,-0.447814
2018-04-20,-0.463656
2018-04-27,-0.481676
2018-05-04,-0.498747
2018-05-11,-0.512005
2018-05-18,-0.518813
2018-05-25,-0.517775
2018-06-01,-0.511482
2018-06-08,-0.50322
2018-06-15,-0.493129
2018-06-22,-0.48456
2018-06-29,-0.479704
2018-07-06,-0.482238
2018-07-13,-0.492397
2018-07-20,-0.508553
2018-07-27,-0.527788
2018-08-03,-0.546121
2018-08-10,-0.561591
2018-08-17,-0.571908
2018-08-24,-0.578914
2018-08-31,-0.585787
2018-09-07,-0.593756
2018-09-14,-0.601742
2018-09-21,-0.606097
2018-09-28,-0.603722
2018-10-05,-0.5946
2018-10-12,-0.579163
2018-10-19,-0.564385
2018-10-26,-0.552923
2018-11-02,-0.546098
2018-11-09,-0.54112
2018-11-16,-0.528306
2018-11-23,-0.505661
2018-11-30,-0.476247
2018-12-07,-0.445002
2018-12-14,-0.422264
2018-12-21,-0.413181
2018-12-28,-0.418875
2019-01-04,-0.435621
2019-01-11,-0.452304
2019-01-18,-0.46863
2019-01-25,-0.483468
2019-02-01,-0.499807
2019-02-08,-0.518634
2019-02-15,-0.540426
2019-02-22,-0.560926
2019-03-01,-0.57531
2019-03-08,-0.580877
2019-03-15,-0.581058
2019-03-22,-0.580321
2019-03-29,-0.58251
2019-04-05,-0.589851
2019-04-12,-0.600363
2019-04-19,-0.609876
2019-04-26,-0.613284
2019-05-03,-0.610394
2019-05-10,-0.601063
2019-05-17,-0.590312
2019-05-24,-0.581391
2019-05-31,-0.5743
2019-06-07,-0.570507
2019-06-14,-0.567845
2019-06-21,-0.565833
2019-06-28,-0.565692
2019-07-05,-0.570068
2019-07-12,-0.575807
2019-07-19,-0.582072
2019-07-26,-0.584241
2019-08-02,-0.576173
2019-08-09,-0.560465
2019-08-16,-0.540427
2019-08-23,-0.526491
2019-08-30,-0.522346
2019-09-06,-0.53243
2019-09-13,-0.545844
2019-09-20,-0.556209
2019-09-27,-0.555625
2019-10-04,-0.545176
2019-10-11,-0.533318
2019-10-18,-0.530816
2019-10-25,-0.543026
2019-11-01,-0.565235
2019-11-08,-0.587676
2019-11-15,-0.59739
2019-11-22,-0.587953
2019-11-29,-0.561626
2019-12-06,-0.531496
2019-12-13,-0.513663
2019-12-20,-0.512418
2019-12-27,-0.52478
2020-01-03,-0.540781
2020-01-10,-0.551689
2020-01-17,-0.559056
2020-01-24,-0.569232
2020-01-31,-0.590278
2020-02-07,-0.615676
2020-02-14,-0.616798
2020-02-21,-0.554342
2020-02-28,-0.403209
2020-03-06,-0.176706
2020-03-13,0.089399
2020-03-20,0.332183
2020-03-27,0.48134
2020-04-03,0.521599
2020-04-10,0.467533
2020-04-17,0.359783
2020-04-24,0.243562
2020-05-01,0.130114
2020-05-08,0.022712
2020-05-15,-0.081914
2020-05-22,-0.197596
2020-05-29,-0.314354
2020-06-05,-0.413879
2020-06-12,-0.475872
2020-06-19,-0.505239
2020-06-26,-0.513163
2020-07-03,-0.51991
2020-07-10,-0.536466
2020-07-17,-0.561959
2020-07-24,-0.589233
2020-07-31,-0.605776
2020-08-07,-0.610035
2020-08-14,-0.613409
2020-08-21,-0.629021
2020-08-28,-0.662909
2020-09-04,-0.712271
2020-09-11,-0.755139
2020-09-18,-0.780673
2020-09-25,-0.77502
2020-10-02,-0.74518
2020-10-09,-0.701504
2020-10-16,-0.663523
2020-10-23,-0.638427
2020-10-30,-0.626438
2020-11-06,-0.621875
2020-11-13,-0.6196
2020-11-20,-0.611509
2020-11-27,-0.599029
2020-12-04,-0.585868
2020-12-11,-0.578003
2020-12-18,-0.575528
2020-12-25,-0.576042
2021-01-01,-0.578694
2021-01-08,-0.579347
2021-01-15,-0.580559
2021-01-22,-0.58319
2021-01-29,-0.589888
2021-02-05,-0.603741
2021-02-12,-0.617694
2021-02-19,-0.627938
2021-02-26,-0.631699
2021-03-05,-0.629904
2021-03-12,-0.624427
2021-03-19,-0.619017
2021-03-26,-0.618286
2021-04-02,-0.622252
2021-04-09,-0.62849
2021-04-16,-0.633415
2021-04-23,-0.635428
2021-04-30,-0.635366
2021-05-07,-0.634763
2021-05-14,-0.635697
2021-05-21,-0.641114
2021-05-28,-0.649955
2021-06-04,-0.659333
2021-06-11,-0.666033
2021-06-18,-0.669147
2021-06-25,-0.67087
2021-07-02,-0.671468
2021-07-09,-0.672008
2021-07-16,-0.67083
2021-07-23,-0.666757
2021-07-30,-0.660553
2021-08-06,-0.653555
2021-08-13,-0.650849
2021-08-20,-0.655697
2021-08-27,-0.669536
2021-09-03,-0.688501
2021-09-10,-0.705243
2021-09-17,-0.715252
2021-09-24,-0.716673
2021-10-01,-0.712011
2021-10-08,-0.704221
2021-10-15,-0.696854
2021-10-22,-0.688317
2021-10-29,-0.674506
2021-11-05,-0.651164
2021-11-12,-0.619575
2021-11-19,-0.5847
2021-11-26,-0.554702
2021-12-03,-0.537763
2021-12-10,-0.539432
2021-12-17,-0.551895
2021-12-24,-0.567362
2021-12-31,-0.57675
2022-01-07,-0.576258
2022-01-14,-0.568231
2022-01-21,-0.558107
2022-01-28,-0.547356
2022-02-04,-0.534782
2022-02-11,-0.508252
2022-02-18,-0.462512
2022-02-25,-0.401327
2022-03-04,-0.335874
2022-03-11,-0.287855
2022-03-18,-0.271843
2022-03-25,-0.284037
2022-04-01,-0.30941
2022-04-08,-0.326918
2022-04-15,-0.315988
2022-04-22,-0.279827
2022-04-29,-0.230894
2022-05-06,-0.188867
2022-05-13,-0.166992
2022-05-20,-0.161892
2022-05-27,-0.156729
2022-06-03,-0.138086
2022-06-10,-0.101873
2022-06-17,-0.059922
2022-06-24,-0.032495
2022-07-01,-0.038057
2022-07-08,-0.077094
2022-07-15,-0.136264
2022-07-22,-0.195825
2022-07-29,-0.236677
2022-08-05,-0.254212
2022-08-12,-0.25628
2022-08-19,-0.250566
2022-08-26,-0.241657
2022-09-02,-0.229233
2022-09-09,-0.207544
2022-09-16,-0.170171
2022-09-23,-0.122823
2022-09-30,-0.078577
2022-10-07,-0.051079
2022-10-14,-0.051431
2022-10-21,-0.078182
2022-10-28,-0.11953
2022-11-04,-0.163959
2022-11-11,-0.196438
2022-11-18,-0.211443
2022-11-25,-0.211759
2022-12-02,-0.206919
2022-12-09,-0.205051
2022-12-16,-0.213667
2022-12-23,-0.230034
2022-12-30,-0.25404
2023-01-06,-0.27885
2023-01-13,-0.30081
2023-01-20,-0.315732
2023-01-27,-0.32736
2023-02-03,-0.331307
2023-02-10,-0.32521
2023-02-17,-0.305309
2023-02-24,-0.266891
2023-03-03,-0.217174
2023-03-10,-0.16559
2023-03-17,-0.123268
2023-03-24,-0.108016
2023-03-31,-0.123931
2023-04-07,-0.156509
2023-04-14,-0.196845
2023-04-21,-0.230275
2023-04-28,-0.248176
2023-05-05,-0.255238
2023-05-12,-0.256337
2023-05-19,-0.25591
2023-05-26,-0.257284
2023-06-02,-0.260078
2023-06-09,-0.257357
2023-06-16,-0.252425
2023-06-23,-0.248002
2023-06-30,-0.246507
2023-07-07,-0.252076
2023-07-14,-0.266975
2023-07-21,-0.285739
2023-07-28,-0.304218
2023-08-04,-0.320365
