,미국 개인 명목 이전소득,미국 개인 명목세금 계절조정, 실질이전소득 ,미국 개인 명목 이전소득/미국 개인 명목세금
,PIOCTRAN Index,PIDSPTAX Index,,
#NAME?,24.396,#NAME?,#NAME?,#NAME?
1960-02-29,24.54,45.322,20.782,54.15%
1960-03-31,24.972,45.693,20.721,54.65%
1960-04-30,25.08,45.87,20.79,54.68%
1960-05-31,25.152,46.102,20.95,54.56%
1960-06-30,25.596,46.112,20.516,55.51%
1960-07-31,25.644,46.344,20.7,55.33%
1960-08-31,26.016,46.6,20.584,55.83%
1960-09-30,26.46,46.64,20.18,56.73%
1960-10-31,26.508,46.564,20.056,56.93%
1960-11-30,27.06,46.464,19.404,58.24%
1960-12-31,27.456,46.244,18.788,59.37%
1961-01-31,27.816,46.409,18.593,59.94%
1961-02-28,29.448,46.495,17.047,63.34%
1961-03-31,29.232,46.629,17.397,62.69%
1961-04-30,28.752,46.737,17.985,61.52%
1961-05-31,29.724,46.984,17.26,63.26%
1961-06-30,30.588,47.111,16.523,64.93%
1961-07-31,30.936,47.14,16.204,65.63%
1961-08-31,29.46,47.412,17.952,62.14%
1961-09-30,29.22,47.654,18.434,61.32%
1961-10-31,29.172,47.851,18.679,60.96%
1961-11-30,29.328,48.16,18.832,60.90%
1961-12-31,29.724,48.418,18.694,61.39%
1962-01-31,29.928,49.086,19.158,60.97%
1962-02-28,29.856,49.3,19.444,60.56%
1962-03-31,30.216,49.82,19.604,60.65%
1962-04-30,29.904,50.41,20.506,59.32%
1962-05-31,29.976,50.875,20.899,58.92%
1962-06-30,30.096,51.487,21.391,58.45%
1962-07-31,30.276,51.914,21.638,58.32%
1962-08-31,30.576,52.345,21.769,58.41%
1962-09-30,30.42,52.698,22.278,57.73%
1962-10-31,31.428,53.081,21.653,59.21%
1962-11-30,31.068,53.696,22.628,57.86%
1962-12-31,30.96,53.948,22.988,57.39%
1963-01-31,35.064,53.963,18.899,64.98%
1963-02-28,31.38,54.013,22.633,58.10%
1963-03-31,31.5,54.327,22.827,57.98%
1963-04-30,31.548,53.896,22.348,58.53%
1963-05-31,31.752,54.406,22.654,58.36%
1963-06-30,31.764,54.631,22.867,58.14%
1963-07-31,31.836,54.544,22.708,58.37%
1963-08-31,31.956,54.591,22.635,58.54%
1963-09-30,32.088,54.644,22.556,58.72%
1963-10-31,32.34,54.937,22.597,58.87%
1963-11-30,32.316,55.121,22.805,58.63%
1963-12-31,32.964,55.551,22.587,59.34%
1964-01-31,34.932,55.997,21.065,62.38%
1964-02-29,32.796,56.74,23.944,57.80%
1964-03-31,32.976,48.528,15.552,67.95%
1964-04-30,33.168,49.161,15.993,67.47%
1964-05-31,33.228,49.824,16.596,66.69%
1964-06-30,33.228,50.184,16.956,66.21%
1964-07-31,33.468,50.857,17.389,65.81%
1964-08-31,33.444,51.741,18.297,64.64%
1964-09-30,33.6,52.127,18.527,64.46%
1964-10-31,33.588,52.594,19.006,63.86%
1964-11-30,33.54,53.158,19.618,63.09%
1964-12-31,34.08,53.917,19.837,63.21%
1965-01-31,36.648,56.461,19.813,64.91%
1965-02-28,34.152,56.681,22.529,60.25%
1965-03-31,34.296,57.75,23.454,59.39%
1965-04-30,34.728,59.609,24.881,58.26%
1965-05-31,34.512,57.284,22.772,60.25%
1965-06-30,34.68,58.352,23.672,59.43%
1965-07-31,34.92,56.908,21.988,61.36%
1965-08-31,34.476,56.765,22.289,60.73%
1965-09-30,45.024,57.342,12.318,78.52%
1965-10-31,36.432,57.407,20.975,63.46%
1965-11-30,36.984,58.125,21.141,63.63%
1965-12-31,37.284,59.284,22,62.89%
1966-01-31,37.596,60.451,22.855,62.19%
1966-02-28,37.86,61.429,23.569,61.63%
1966-03-31,38.076,62.698,24.622,60.73%
1966-04-30,37.896,64.467,26.571,58.78%
1966-05-31,37.992,65.672,27.68,57.85%
1966-06-30,37.752,66.562,28.81,56.72%
1966-07-31,37.728,67.284,29.556,56.07%
1966-08-31,39.384,67.807,28.423,58.08%
1966-09-30,41.688,68.471,26.783,60.88%
1966-10-31,41.856,69.461,27.605,60.26%
1966-11-30,43.452,70.889,27.437,61.30%
1966-12-31,44.124,71.345,27.221,61.85%
1967-01-31,44.904,71.469,26.565,62.83%
1967-02-28,45.852,71.209,25.357,64.39%
1967-03-31,47.496,70.847,23.351,67.04%
1967-04-30,46.86,70.62,23.76,66.36%
1967-05-31,47.232,70.776,23.544,66.73%
1967-06-30,47.58,71.43,23.85,66.61%
1967-07-31,48.36,72.735,24.375,66.49%
1967-08-31,48.972,73.963,24.991,66.21%
1967-09-30,48.78,74.801,26.021,65.21%
1967-10-31,49.608,74.98,25.372,66.16%
1967-11-30,50.124,75.886,25.762,66.05%
1967-12-31,50.4,76.816,26.416,65.61%
1968-01-31,51.264,77.674,26.41,66.00%
1968-02-29,51.504,78.816,27.312,65.35%
1968-03-31,54.504,79.202,24.698,68.82%
1968-04-30,55.884,80.457,24.573,69.46%
1968-05-31,55.776,81.904,26.128,68.10%
1968-06-30,56.088,82.634,26.546,67.88%
1968-07-31,56.592,88.669,32.077,63.82%
1968-08-31,57.66,91.598,33.938,62.95%
1968-09-30,57.768,95.316,37.548,60.61%
1968-10-31,58.296,94.688,36.392,61.57%
1968-11-30,58.716,95.952,37.236,61.19%
1968-12-31,59.076,96.934,37.858,60.94%
1969-01-31,59.82,99.213,39.393,60.29%
1969-02-28,60.636,102.92,42.284,58.92%
1969-03-31,60.876,105.673,44.797,57.61%
1969-04-30,61.212,109.009,47.797,56.15%
1969-05-31,61.608,104.801,43.193,58.79%
1969-06-30,61.788,103.17,41.382,59.89%
1969-07-31,62.424,103.159,40.735,60.51%
1969-08-31,62.952,104.149,41.197,60.44%
1969-09-30,63.312,105.109,41.797,60.23%
1969-10-31,63.924,105.299,41.375,60.71%
1969-11-30,64.212,105.327,41.115,60.96%
1969-12-31,64.884,106.243,41.359,61.07%
1970-01-31,65.316,104.248,38.932,62.65%
1970-02-28,66.252,104.39,38.138,63.47%
1970-03-31,66.744,105.081,38.337,63.52%
1970-04-30,80.208,106.071,25.863,75.62%
1970-05-31,73.848,104.526,30.678,70.65%
1970-06-30,74.184,105.939,31.755,70.03%
1970-07-31,75.132,100.421,25.289,74.82%
1970-08-31,75.984,100.435,24.451,75.65%
1970-09-30,77.928,101.115,23.187,77.07%
1970-10-31,79.848,101.111,21.263,78.97%
1970-11-30,79.596,101.796,22.2,78.19%
1970-12-31,80.916,101.707,20.791,79.56%
1971-01-31,80.964,97.506,16.542,83.03%
1971-02-28,82.14,98.494,16.354,83.40%
1971-03-31,82.968,98.993,16.025,83.81%
1971-04-30,83.472,100.151,16.679,83.35%
1971-05-31,83.952,100.814,16.862,83.27%
1971-06-30,101.328,101.177,-0.151,100.15%
1971-07-31,88.74,101.682,12.942,87.27%
1971-08-31,89.004,102.254,13.25,87.04%
1971-09-30,90.96,102.985,12.025,88.32%
1971-10-31,90.228,103.051,12.823,87.56%
1971-11-30,91.716,106.122,14.406,86.43%
1971-12-31,91.824,107.231,15.407,85.63%
1972-01-31,91.92,116.746,24.826,78.74%
1972-02-29,95.28,119.896,24.616,79.47%
1972-03-31,95.844,122.713,26.869,78.10%
1972-04-30,94.392,124.593,30.201,75.76%
1972-05-31,95.052,122.666,27.614,77.49%
1972-06-30,95.244,122.851,27.607,77.53%
1972-07-31,95.76,122.969,27.209,77.87%
1972-08-31,96.24,124.449,28.209,77.33%
1972-09-30,96.12,125.413,29.293,76.64%
1972-10-31,104.196,126.563,22.367,82.33%
1972-11-30,108.216,127.341,19.125,84.98%
1972-12-31,106.776,127.48,20.704,83.76%
1973-01-31,107.976,128.509,20.533,84.02%
1973-02-28,108.768,126.022,17.254,86.31%
1973-03-31,110.424,124.666,14.242,88.58%
1973-04-30,110.328,126.421,16.093,87.27%
1973-05-31,112.068,130.09,18.022,86.15%
1973-06-30,111.96,131.032,19.072,85.44%
1973-07-31,111.672,132.416,20.744,84.33%
1973-08-31,113.724,133.848,20.124,84.97%
1973-09-30,114.492,136.003,21.511,84.18%
1973-10-31,115.596,137.889,22.293,83.83%
1973-11-30,116.76,140.062,23.302,83.36%
1973-12-31,117.048,141.926,24.878,82.47%
1974-01-31,120.768,140.723,19.955,85.82%
1974-02-28,121.932,143.158,21.226,85.17%
1974-03-31,122.928,144.495,21.567,85.07%
1974-04-30,128.52,145.578,17.058,88.28%
1974-05-31,130.188,149.237,19.049,87.24%
1974-06-30,130.956,151.891,20.935,86.22%
1974-07-31,136.008,153.752,17.744,88.46%
1974-08-31,136.932,154.771,17.839,88.47%
1974-09-30,138.42,156.21,17.79,88.61%
1974-10-31,141.096,157.779,16.683,89.43%
1974-11-30,143.544,157.33,13.786,91.24%
1974-12-31,148.236,157.652,9.416,94.03%
1975-01-31,151.632,158.102,6.47,95.91%
1975-02-28,157.236,157.677,0.441,99.72%
1975-03-31,158.844,158.185,-0.659,100.42%
1975-04-30,162.384,138.954,-23.43,116.86%
1975-05-31,165.024,78.676,-86.348,209.75%
1975-06-30,187.224,145.574,-41.65,128.61%
1975-07-31,174,150.629,-23.371,115.52%
1975-08-31,174.9,153.425,-21.475,114.00%
1975-09-30,175.572,154.439,-21.133,113.68%
1975-10-31,177.9,156.72,-21.18,113.51%
1975-11-30,176.256,158.59,-17.666,111.14%
1975-12-31,178.764,160.313,-18.451,111.51%
1976-01-31,181.899,162.009,-19.89,112.28%
1976-02-29,182.211,162.651,-19.56,112.03%
1976-03-31,181.191,162.849,-18.342,111.26%
1976-04-30,180.315,167.14,-13.175,107.88%
1976-05-31,178.851,169.594,-9.257,105.46%
1976-06-30,180.927,171.277,-9.65,105.63%
1976-07-31,186.555,173.784,-12.771,107.35%
1976-08-31,186.723,176.289,-10.434,105.92%
1976-09-30,186.915,178.311,-8.604,104.83%
1976-10-31,186.279,181.122,-5.157,102.85%
1976-11-30,189.471,183.234,-6.237,103.40%
1976-12-31,190.707,183.792,-6.915,103.76%
1977-01-31,189.432,180.005,-9.427,105.24%
1977-02-28,191.004,198.949,7.945,96.01%
1977-03-31,192.456,187.44,-5.016,102.68%
1977-04-30,193.392,193.288,-0.104,100.05%
1977-05-31,190.92,198.064,7.144,96.39%
1977-06-30,189.948,195.721,5.773,97.05%
1977-07-31,194.544,196.5,1.956,99.00%
1977-08-31,197.88,197.995,0.115,99.94%
1977-09-30,197.268,201.158,3.89,98.07%
1977-10-31,195.732,205.916,10.184,95.05%
1977-11-30,200.904,208.58,7.676,96.32%
1977-12-31,201.384,210.932,9.548,95.47%
1978-01-31,202.38,212.736,10.356,95.13%
1978-02-28,203.028,212.409,9.381,95.58%
1978-03-31,204.624,210.843,6.219,97.05%
1978-04-30,203.676,217.26,13.584,93.75%
1978-05-31,206.592,221.956,15.364,93.08%
1978-06-30,205.116,230.036,24.92,89.17%
1978-07-31,212.82,233.358,20.538,91.20%
1978-08-31,214.824,236.119,21.295,90.98%
1978-09-30,214.032,239.417,25.385,89.40%
1978-10-31,215.34,243.845,28.505,88.31%
1978-11-30,217.668,247.045,29.377,88.11%
1978-12-31,218.58,250.764,32.184,87.17%
1979-01-31,222.595,251.044,28.449,88.67%
1979-02-28,221.551,253.215,31.664,87.50%
1979-03-31,224.023,256.616,32.593,87.30%
1979-04-30,227.731,257.527,29.796,88.43%
1979-05-31,228.259,261.356,33.097,87.34%
1979-06-30,226.171,267.111,40.94,84.67%
1979-07-31,241.507,271.729,30.222,88.88%
1979-08-31,243.439,274.46,31.021,88.70%
1979-09-30,244.027,278.292,34.265,87.69%
1979-10-31,246.475,281.566,35.091,87.54%
1979-11-30,249.055,285.106,36.051,87.36%
1979-12-31,251.875,288.934,37.059,87.17%
1980-01-31,259.881,281.484,21.603,92.33%
1980-02-29,260.085,284.562,24.477,91.40%
1980-03-31,258.249,288.429,30.18,89.54%
1980-04-30,260.937,289.413,28.476,90.16%
1980-05-31,264.429,291.988,27.559,90.56%
1980-06-30,268.293,295.121,26.828,90.91%
1980-07-31,294.489,297.173,2.684,99.10%
1980-08-31,294.609,302.531,7.922,97.38%
1980-09-30,300.597,306.881,6.284,97.95%
1980-10-31,299.505,313.797,14.292,95.45%
1980-11-30,297.705,319.239,21.534,93.25%
1980-12-31,302.757,323.526,20.769,93.58%
1981-01-31,303.531,327.238,23.707,92.76%
1981-02-28,306.063,330.544,24.481,92.59%
1981-03-31,309.831,334.912,25.081,92.51%
1981-04-30,308.319,338.136,29.817,91.18%
1981-05-31,310.167,343.192,33.025,90.38%
1981-06-30,311.319,346.688,35.369,89.80%
1981-07-31,327.951,352.31,24.359,93.09%
1981-08-31,328.575,357.947,29.372,91.79%
1981-09-30,328.887,360.404,31.517,91.26%
1981-10-31,328.443,349.225,20.782,94.05%
1981-11-30,331.971,353.056,21.085,94.03%
1981-12-31,332.751,355.708,22.957,93.55%
1982-01-31,333.465,348.669,15.204,95.64%
1982-02-28,337.209,354.742,17.533,95.06%
1982-03-31,338.217,354.134,15.917,95.51%
1982-04-30,343.581,349.621,6.04,98.27%
1982-05-31,344.817,361.585,16.768,95.36%
1982-06-30,348.189,367.999,19.81,94.62%
1982-07-31,359.517,348.204,-11.313,103.25%
1982-08-31,361.065,350.844,-10.221,102.91%
1982-09-30,365.853,351.399,-14.454,104.11%
1982-10-31,370.857,354.115,-16.742,104.73%
1982-11-30,381.021,356.201,-24.82,106.97%
1982-12-31,381.789,359.403,-22.386,106.23%
1983-01-31,377.45,349.088,-28.362,108.12%
1983-02-28,380.138,350.678,-29.46,108.40%
1983-03-31,384.614,352.853,-31.761,109.00%
1983-04-30,384.566,351.214,-33.352,109.50%
1983-05-31,388.922,362.05,-26.872,107.42%
1983-06-30,387.242,365.395,-21.847,105.98%
1983-07-31,382.646,343.074,-39.572,111.53%
1983-08-31,382.91,345.333,-37.577,110.88%
1983-09-30,381.914,347.889,-34.025,109.78%
1983-10-31,380.894,353.577,-27.317,107.73%
1983-11-30,388.802,355.18,-33.622,109.47%
1983-12-31,391.442,358.217,-33.225,109.28%
1984-01-31,392.868,357.945,-34.923,109.76%
1984-02-29,393.204,361.839,-31.365,108.67%
1984-03-31,395.604,363.738,-31.866,108.76%
1984-04-30,398.088,366.251,-31.837,108.69%
1984-05-31,397.764,369.61,-28.154,107.62%
1984-06-30,398.94,375.471,-23.469,106.25%
1984-07-31,399.324,380.566,-18.758,104.93%
1984-08-31,402.36,383.392,-18.968,104.95%
1984-09-30,401.316,388.372,-12.944,103.33%
1984-10-31,404.94,390.529,-14.411,103.69%
1984-11-30,406.704,395.796,-10.908,102.76%
1984-12-31,416.52,401.483,-15.037,103.75%
1985-01-31,417.894,400.617,-17.277,104.31%
1985-02-28,420.09,433.102,13.012,97.00%
1985-03-31,422.142,463.136,40.994,91.15%
1985-04-30,422.286,406.72,-15.566,103.83%
1985-05-31,422.538,339.744,-82.794,124.37%
1985-06-30,423.042,419.108,-3.934,100.94%
1985-07-31,430.038,418.345,-11.693,102.80%
1985-08-31,425.67,421.501,-4.169,100.99%
1985-09-30,428.106,424.735,-3.371,100.79%
1985-10-31,429.354,426.581,-2.773,100.65%
1985-11-30,430.866,428.1,-2.766,100.65%
1985-12-31,432.438,432.067,-0.371,100.09%
1986-01-31,441.402,425.429,-15.973,103.75%
1986-02-28,442.534,426.462,-16.072,103.77%
1986-03-31,445.775,427.021,-18.754,104.39%
1986-04-30,446.577,426.143,-20.434,104.80%
1986-05-31,449.263,428.146,-21.117,104.93%
1986-06-30,451.382,433.962,-17.42,104.01%
1986-07-31,458.373,435.403,-22.97,105.28%
1986-08-31,454.036,439.937,-14.099,103.20%
1986-09-30,455.822,443.061,-12.761,102.88%
1986-10-31,457.069,448.272,-8.797,101.96%
1986-11-30,457.198,454.723,-2.475,100.54%
1986-12-31,459.232,465.113,5.881,98.74%
1987-01-31,461.291,450.487,-10.804,102.40%
1987-02-28,463.801,447.344,-16.457,103.68%
1987-03-31,464.313,454.365,-9.948,102.19%
1987-04-30,465.188,583.294,118.106,79.75%
1987-05-31,471.655,474.363,2.708,99.43%
1987-06-30,467.436,477.356,9.92,97.92%
1987-07-31,469.072,482.274,13.202,97.26%
1987-08-31,468.968,490.076,21.108,95.69%
1987-09-30,469.494,494.578,25.084,94.93%
1987-10-31,471.804,499.036,27.232,94.54%
1987-11-30,471.353,504.413,33.06,93.45%
1987-12-31,473.314,517.458,44.144,91.47%
1988-01-31,486.757,505.947,19.19,96.21%
1988-02-29,487.292,502.078,14.786,97.06%
1988-03-31,495.738,498.184,2.446,99.51%
1988-04-30,492.265,497.433,5.168,98.96%
1988-05-31,493.272,496.761,3.489,99.30%
1988-06-30,495.044,499.222,4.178,99.16%
1988-07-31,497.163,504.444,7.281,98.56%
1988-08-31,499.918,506.185,6.267,98.76%
1988-09-30,501.752,509.374,7.622,98.50%
1988-10-31,503.9,514.595,10.695,97.92%
1988-11-30,506.913,515.899,8.986,98.26%
1988-12-31,509.503,521.145,11.642,97.77%
1989-01-31,525.977,548.097,22.12,95.96%
1989-02-28,529.43,552.129,22.699,95.89%
1989-03-31,538.931,558.412,19.481,96.51%
1989-04-30,536.884,565.101,28.217,95.01%
1989-05-31,537.727,566.077,28.35,94.99%
1989-06-30,541.795,568.903,27.108,95.24%
1989-07-31,544.175,571.393,27.218,95.24%
1989-08-31,547.675,570.75,23.075,95.96%
1989-09-30,551.778,572.601,20.823,96.36%
1989-10-31,555.996,576.867,20.871,96.38%
1989-11-30,560.619,578.675,18.056,96.88%
1989-12-31,559.902,583.813,23.911,95.90%
1990-01-31,576.861,575.378,-1.483,100.26%
1990-02-28,579.219,583.478,4.259,99.27%
1990-03-31,582.396,588.712,6.316,98.93%
1990-04-30,587.406,592.947,5.541,99.07%
1990-05-31,589.236,593.488,4.252,99.28%
1990-06-30,594.747,597.398,2.651,99.56%
1990-07-31,596.138,599.842,3.704,99.38%
1990-08-31,597.711,599.491,1.78,99.70%
1990-09-30,606.163,602.846,-3.317,100.55%
1990-10-31,612.694,600.989,-11.705,101.95%
1990-11-30,615.733,600.482,-15.251,102.54%
1990-12-31,624.1,600.971,-23.129,103.85%
1991-01-31,636.422,582.263,-54.159,109.30%
1991-02-28,641.538,579.916,-61.622,110.63%
1991-03-31,646.954,580.138,-66.816,111.52%
1991-04-30,657.17,582.924,-74.246,112.74%
1991-05-31,661.961,585.204,-76.757,113.12%
1991-06-30,665.069,589.646,-75.423,112.79%
1991-07-31,665.242,587.783,-77.459,113.18%
1991-08-31,670.465,588.704,-81.761,113.89%
1991-09-30,676.627,594.225,-82.402,113.87%
1991-10-31,694.034,595.474,-98.56,116.55%
1991-11-30,693.286,598.415,-94.871,115.85%
1991-12-31,708.942,602.125,-106.817,117.74%
1992-01-31,722.907,583.041,-139.866,123.99%
1992-02-29,725.631,589.269,-136.362,123.14%
1992-03-31,732.462,594.381,-138.081,123.23%
1992-04-30,741.772,601.762,-140.01,123.27%
1992-05-31,745.931,608.309,-137.622,122.62%
1992-06-30,749.07,611.436,-137.634,122.51%
1992-07-31,753.563,612.32,-141.243,123.07%
1992-08-31,757.786,616.873,-140.913,122.84%
1992-09-30,761.445,619.41,-142.035,122.93%
1992-10-31,764.46,625.751,-138.709,122.17%
1992-11-30,756.815,631.473,-125.342,119.85%
1992-12-31,764.602,659.603,-104.999,115.92%
1993-01-31,779.858,614.25,-165.608,126.96%
1993-02-28,779.717,617.314,-162.403,126.31%
1993-03-31,785.291,619.45,-165.841,126.77%
1993-04-30,784.63,637.389,-147.241,123.10%
1993-05-31,783.683,645.313,-138.37,121.44%
1993-06-30,789.816,647.82,-141.996,121.92%
1993-07-31,795.942,654.59,-141.352,121.59%
1993-08-31,801.151,660.724,-140.427,121.25%
1993-09-30,802.754,662.317,-140.437,121.20%
1993-10-31,800.763,665.013,-135.75,120.41%
1993-11-30,802.373,667.024,-135.349,120.29%
1993-12-31,809.89,693.85,-116.04,116.72%
1994-01-31,816.374,675.104,-141.27,120.93%
1994-02-28,817.952,672.681,-145.271,121.60%
1994-03-31,820.106,673.215,-146.891,121.82%
1994-04-30,823.508,728.253,-95.255,113.08%
1994-05-31,822.153,681.718,-140.435,120.60%
1994-06-30,822.907,683.547,-139.36,120.39%
1994-07-31,823.127,691.446,-131.681,119.04%
1994-08-31,827.449,695.401,-132.048,118.99%
1994-09-30,830.055,699.3,-130.755,118.70%
1994-10-31,843.448,703.679,-139.769,119.86%
1994-11-30,846.389,703.827,-142.562,120.26%
1994-12-31,854.082,708.701,-145.381,120.51%
1995-01-31,869.403,721.092,-148.311,120.57%
1995-02-28,873.704,725.372,-148.332,120.45%
1995-03-31,878.752,727.376,-151.376,120.81%
1995-04-30,879.483,777.183,-102.3,113.16%
1995-05-31,885.634,727.958,-157.676,121.66%
1995-06-30,885.266,735.282,-149.984,120.40%
1995-07-31,889.946,745.111,-144.835,119.44%
1995-08-31,890.77,752.298,-138.472,118.41%
1995-09-30,890.448,759.238,-131.21,117.28%
1995-10-31,885.439,764.381,-121.058,115.84%
1995-11-30,882.671,769.919,-112.752,114.64%
1995-12-31,889.941,775.67,-114.271,114.73%
1996-01-31,908.086,791.788,-116.298,114.69%
1996-02-29,915.371,803.225,-112.146,113.96%
1996-03-31,924.654,810.181,-114.473,114.13%
1996-04-30,934.762,864.787,-69.975,108.09%
1996-05-31,936.148,822.255,-113.893,113.85%
1996-06-30,938.245,831.651,-106.594,112.82%
1996-07-31,933.157,835.592,-97.565,111.68%
1996-08-31,931.297,843.467,-87.83,110.41%
1996-09-30,930.901,851.566,-79.335,109.32%
1996-10-31,930.363,855.952,-74.411,108.69%
1996-11-30,932.652,863.443,-69.209,108.02%
1996-12-31,934.803,871.1,-63.703,107.31%
1997-01-31,950.834,895.267,-55.567,106.21%
1997-02-28,947.067,902.732,-44.335,104.91%
1997-03-31,952.783,908.336,-44.447,104.89%
1997-04-30,949.803,910.484,-39.319,104.32%
1997-05-31,948.607,915.558,-33.049,103.61%
1997-06-30,951.575,922.659,-28.916,103.13%
1997-07-31,953.149,931.465,-21.684,102.33%
1997-08-31,956.216,942.105,-14.111,101.50%
1997-09-30,959.154,949.754,-9.4,100.99%
1997-10-31,960.247,957.99,-2.257,100.24%
1997-11-30,961.936,968.997,7.061,99.27%
1997-12-31,967,976.502,9.502,99.03%
1998-01-31,971.041,986.674,15.633,98.42%
1998-02-28,974.194,996.415,22.221,97.77%
1998-03-31,978.82,1005.308,26.488,97.37%
1998-04-30,979.689,1014.042,34.353,96.61%
1998-05-31,980.37,1023.524,43.154,95.78%
1998-06-30,983.145,1029.491,46.346,95.50%
1998-07-31,982.071,1034.55,52.479,94.93%
1998-08-31,983.788,1044.041,60.253,94.23%
1998-09-30,987.662,1051.037,63.375,93.97%
1998-10-31,990.257,1058.783,68.526,93.53%
1998-11-30,995.309,1068.98,73.671,93.11%
1998-12-31,1000.574,1076.206,75.632,92.97%
1999-01-31,1011.907,1070.685,58.778,94.51%
1999-02-28,1012.721,1079.488,66.767,93.81%
1999-03-31,1019.028,1083.665,64.637,94.04%
1999-04-30,1014.167,1088.507,74.34,93.17%
1999-05-31,1017.678,1095.512,77.834,92.90%
1999-06-30,1021.663,1101.453,79.79,92.76%
1999-07-31,1024.73,1111.283,86.553,92.21%
1999-08-31,1032.531,1120.958,88.427,92.11%
1999-09-30,1035.514,1129.548,94.034,91.68%
1999-10-31,1039.185,1141.272,102.087,91.05%
1999-11-30,1039.494,1152.758,113.264,90.17%
1999-12-31,1045.476,1167.84,122.364,89.52%
2000-01-31,1052.407,1198.619,146.212,87.80%
2000-02-29,1056.921,1209.126,152.205,87.41%
2000-03-31,1060.85,1218.52,157.67,87.06%
2000-04-30,1069.365,1226.485,157.12,87.19%
2000-05-31,1094.805,1228.007,133.202,89.15%
2000-06-30,1086.999,1235.988,148.989,87.95%
2000-07-31,1091.379,1245.476,154.097,87.63%
2000-08-31,1098.731,1246.588,147.857,88.14%
2000-09-30,1103.932,1251.061,147.129,88.24%
2000-10-31,1106.152,1253.757,147.605,88.23%
2000-11-30,1103.577,1257.685,154.108,87.75%
2000-12-31,1122.596,1264.642,142.046,88.77%
2001-01-31,1147.927,1289.199,141.272,89.04%
2001-02-28,1154.734,1303.434,148.7,88.59%
2001-03-31,1164.28,1313.079,148.799,88.67%
2001-04-30,1181.77,1315.105,133.335,89.86%
2001-05-31,1188.73,1310.869,122.139,90.68%
2001-06-30,1191.678,1300.633,108.955,91.62%
2001-07-31,1193.01,1185.607,-7.403,100.62%
2001-08-31,1186.446,1043.205,-143.241,113.73%
2001-09-30,1197.141,1112.055,-85.086,107.65%
2001-10-31,1225.981,1236.084,10.103,99.18%
2001-11-30,1234.25,1230.05,-4.2,100.34%
2001-12-31,1245.23,1229.244,-15.986,101.30%
2002-01-31,1259.664,1084.446,-175.218,116.16%
2002-02-28,1261.144,1074.742,-186.402,117.34%
2002-03-31,1259.338,1066.286,-193.052,118.11%
2002-04-30,1279.111,1055.308,-223.803,121.21%
2002-05-31,1284.004,1049.027,-234.977,122.40%
2002-06-30,1283.671,1048.629,-235.042,122.41%
2002-07-31,1287.233,1044.223,-243.01,123.27%
2002-08-31,1291.397,1044.541,-246.856,123.63%
2002-09-30,1297.775,1043.598,-254.177,124.36%
2002-10-31,1300.529,1039.533,-260.996,125.11%
2002-11-30,1304.348,1038.259,-266.089,125.63%
2002-12-31,1314.401,1037.54,-276.861,126.68%
2003-01-31,1320.166,1022.116,-298.05,129.16%
2003-02-28,1322.906,1021.546,-301.36,129.50%
2003-03-31,1329.672,1020.384,-309.288,130.31%
2003-04-30,1332.875,1013.464,-319.411,131.52%
2003-05-31,1341.013,1019.616,-321.397,131.52%
2003-06-30,1347.889,1029.304,-318.585,130.95%
2003-07-31,1354.901,939.399,-415.502,144.23%
2003-08-31,1362.082,898.637,-463.445,151.57%
2003-09-30,1365.991,1013.962,-352.029,134.72%
2003-10-31,1358.73,1018.335,-340.395,133.43%
2003-11-30,1358.417,1023.312,-335.105,132.75%
2003-12-31,1372.42,1022.383,-350.037,134.24%
2004-01-31,1385.488,1012.156,-373.332,136.88%
2004-02-29,1399.657,1011.54,-388.117,138.37%
2004-03-31,1406.166,1013.08,-393.086,138.80%
2004-04-30,1411.924,1016.748,-395.176,138.87%
2004-05-31,1416.507,1028.059,-388.448,137.78%
2004-06-30,1419.544,1035.47,-384.074,137.09%
2004-07-31,1412.855,1051.986,-360.869,134.30%
2004-08-31,1431.3,1065.291,-366.009,134.36%
2004-09-30,1432.466,1075.872,-356.594,133.14%
2004-10-31,1437.484,1083.555,-353.929,132.66%
2004-11-30,1443.169,1090.178,-352.991,132.38%
2004-12-31,1458.347,1101.004,-357.343,132.46%
2005-01-31,1475.915,1164.808,-311.107,126.71%
2005-02-28,1491.505,1173.295,-318.21,127.12%
2005-03-31,1496.916,1178.727,-318.189,126.99%
2005-04-30,1510.411,1188.425,-321.986,127.09%
2005-05-31,1512.907,1195.508,-317.399,126.55%
2005-06-30,1514.629,1204.946,-309.683,125.70%
2005-07-31,1509.537,1216.159,-293.378,124.12%
2005-08-31,1534.815,1224.734,-310.081,125.32%
2005-09-30,1540.516,1235.547,-304.969,124.68%
2005-10-31,1536.528,1247.216,-289.312,123.20%
2005-11-30,1539.827,1255.797,-284.03,122.62%
2005-12-31,1537.407,1264.311,-273.096,121.60%
2006-01-31,1591.53,1305.889,-285.641,121.87%
2006-02-28,1583.14,1321.411,-261.729,119.81%
2006-03-31,1590.283,1334.142,-256.141,119.20%
2006-04-30,1593.244,1348.858,-244.386,118.12%
2006-05-31,1603.034,1350.219,-252.815,118.72%
2006-06-30,1612.243,1354.696,-257.547,119.01%
2006-07-31,1622.586,1354.181,-268.405,119.82%
2006-08-31,1630.514,1355.958,-274.556,120.25%
2006-09-30,1631.874,1365.705,-266.169,119.49%
2006-10-31,1624.486,1377.916,-246.57,117.89%
2006-11-30,1629.866,1395.132,-234.734,116.83%
2006-12-31,1653.317,1419.445,-233.872,116.48%
2007-01-31,1694.063,1446.751,-247.312,117.09%
2007-02-28,1709.981,1468.407,-241.574,116.45%
2007-03-31,1716.034,1484.475,-231.559,115.60%
2007-04-30,1707.969,1491.604,-216.365,114.51%
2007-05-31,1710.486,1495.998,-214.488,114.34%
2007-06-30,1712.602,1500.197,-212.405,114.16%
2007-07-31,1719.857,1499.413,-220.444,114.70%
2007-08-31,1731.86,1495.737,-236.123,115.79%
2007-09-30,1746.282,1501.407,-244.875,116.31%
2007-10-31,1751.063,1498.951,-252.112,116.82%
2007-11-30,1758.275,1507.973,-250.302,116.60%
2007-12-31,1778.652,1518.957,-259.695,117.10%
2008-01-31,1792.971,1522.285,-270.686,117.78%
2008-02-29,1799.554,1533.866,-265.688,117.32%
2008-03-31,1816.215,1549.26,-266.955,117.23%
2008-04-30,1846.502,1557.184,-289.318,118.58%
2008-05-31,2419.709,1556.791,-862.918,155.43%
2008-06-30,2178.947,1543.417,-635.53,141.18%
2008-07-31,2024.749,1515.09,-509.659,133.64%
2008-08-31,1893.769,1496.516,-397.253,126.55%
2008-09-30,1905.68,1480.881,-424.799,128.69%
2008-10-31,1912.727,1472.779,-439.948,129.87%
2008-11-30,1922.258,1449.59,-472.668,132.61%
2008-12-31,1948.281,1412.347,-535.934,137.95%
2009-01-31,2014.54,1234.109,-780.431,163.24%
2009-02-28,2036.57,1202.024,-834.546,169.43%
2009-03-31,2068.005,1170.963,-897.042,176.61%
2009-04-30,2106.533,1131.459,-975.074,186.18%
2009-05-31,2273.99,1131.214,-1142.776,201.02%
2009-06-30,2155.341,1130.632,-1024.709,190.63%
2009-07-31,2157.301,1133.512,-1023.789,190.32%
2009-08-31,2165.488,1136.024,-1029.464,190.62%
2009-09-30,2206.218,1136.373,-1069.845,194.15%
2009-10-31,2178.414,1136.84,-1041.574,191.62%
2009-11-30,2184.979,1141.664,-1043.315,191.39%
2009-12-31,2213.555,1143.72,-1069.835,193.54%
2010-01-31,2294.206,1194.081,-1100.125,192.13%
2010-02-28,2302.8,1188.636,-1114.164,193.73%
2010-03-31,2312.696,1192.67,-1120.026,193.91%
2010-04-30,2310.289,1201.107,-1109.182,192.35%
2010-05-31,2311.599,1215.254,-1096.345,190.22%
2010-06-30,2311.394,1223.368,-1088.026,188.94%
2010-07-31,2314.718,1242.787,-1071.931,186.25%
2010-08-31,2347.075,1257.774,-1089.301,186.61%
2010-09-30,2346.607,1268.351,-1078.256,185.01%
2010-10-31,2346.374,1279.836,-1066.538,183.33%
2010-11-30,2348.227,1287.427,-1060.8,182.40%
2010-12-31,2355.846,1300.155,-1055.691,181.20%
2011-01-31,2362.862,1418.421,-944.441,166.58%
2011-02-28,2358.923,1427.357,-931.566,165.27%
2011-03-31,2363.621,1433.93,-929.691,164.84%
2011-04-30,2365.866,1438.584,-927.282,164.46%
2011-05-31,2362.476,1443.951,-918.525,163.61%
2011-06-30,2356.461,1455.052,-901.409,161.95%
2011-07-31,2352.223,1469.642,-882.581,160.05%
2011-08-31,2352.417,1471.74,-880.677,159.84%
2011-09-30,2351.596,1472.902,-878.694,159.66%
2011-10-31,2354.198,1467.997,-886.201,160.37%
2011-11-30,2356.485,1465.348,-891.137,160.81%
2011-12-31,2367.093,1479.367,-887.726,160.01%
2012-01-31,2334.428,1456.01,-878.418,160.33%
2012-02-29,2336.695,1469.913,-866.782,158.97%
2012-03-31,2349.981,1479.049,-870.932,158.88%
2012-04-30,2358.787,1485.267,-873.52,158.81%
2012-05-31,2361.703,1485.216,-876.487,159.01%
2012-06-30,2367.933,1492.565,-875.368,158.65%
2012-07-31,2362.518,1495.804,-866.714,157.94%
2012-08-31,2357.603,1506.369,-851.234,156.51%
2012-09-30,2374.058,1527.839,-846.219,155.39%
2012-10-31,2372.89,1541.649,-831.241,153.92%
2012-11-30,2382.387,1566.304,-816.083,152.10%
2012-12-31,2397.217,1608.184,-789.033,149.06%
2013-01-31,2397.695,1641.512,-756.183,146.07%
2013-02-28,2401.695,1649.441,-752.254,145.61%
2013-03-31,2411.009,1659.016,-751.993,145.33%
2013-04-30,2400.453,1674.669,-725.784,143.34%
2013-05-31,2419.548,1685.208,-734.34,143.58%
2013-06-30,2428.566,1687.593,-740.973,143.91%
2013-07-31,2428.581,1673.483,-755.098,145.12%
2013-08-31,2435.86,1673.88,-761.98,145.52%
2013-09-30,2439.072,1677.321,-761.751,145.41%
2013-10-31,2438.671,1682.508,-756.163,144.94%
2013-11-30,2440.899,1698.024,-742.875,143.75%
2013-12-31,2449.887,1713.798,-736.089,142.95%
2014-01-31,2460.976,1732.03,-728.946,142.09%
2014-02-28,2472.097,1746.914,-725.183,141.51%
2014-03-31,2489.264,1755.472,-733.792,141.80%
2014-04-30,2507.295,1753.429,-753.866,142.99%
2014-05-31,2529.593,1755.763,-773.83,144.07%
2014-06-30,2543.473,1766.045,-777.428,144.02%
2014-07-31,2556.516,1782.848,-773.668,143.40%
2014-08-31,2569.224,1799.929,-769.295,142.74%
2014-09-30,2578.877,1813.018,-765.859,142.24%
2014-10-31,2587.156,1825.421,-761.735,141.73%
2014-11-30,2593.663,1837.717,-755.946,141.14%
2014-12-31,2610.394,1846.347,-764.047,141.38%
2015-01-31,2628.634,1894.109,-734.525,138.78%
2015-02-28,2642.214,1904.219,-737.995,138.76%
2015-03-31,2661.294,1915.341,-745.953,138.95%
2015-04-30,2673.446,1933.08,-740.366,138.30%
2015-05-31,2684.723,1946.963,-737.76,137.89%
2015-06-30,2688.86,1948.843,-740.017,137.97%
2015-07-31,2694.777,1945.174,-749.603,138.54%
2015-08-31,2699.667,1946.812,-752.855,138.67%
2015-09-30,2702.997,1950.058,-752.939,138.61%
2015-10-31,2706.394,1963.559,-742.835,137.83%
2015-11-30,2713.631,1965.873,-747.758,138.04%
2015-12-31,2728.251,1965.346,-762.905,138.82%
2016-01-31,2733.753,1927.471,-806.282,141.83%
2016-02-29,2747.594,1921.387,-826.207,143.00%
2016-03-31,2754.869,1924.912,-829.957,143.12%
2016-04-30,2762.518,1935.618,-826.9,142.72%
2016-05-31,2769.264,1941.792,-827.472,142.61%
2016-06-30,2771.366,1952.669,-818.697,141.93%
2016-07-31,2778.447,1966.195,-812.252,141.31%
2016-08-31,2789.806,1970.289,-819.517,141.59%
2016-09-30,2792.953,1979.601,-813.352,141.09%
2016-10-31,2809.426,1985.055,-824.371,141.53%
2016-11-30,2805.081,1990.984,-814.097,140.89%
2016-12-31,2809.191,2002.722,-806.469,140.27%
2017-01-31,2826.938,1999.063,-827.875,141.41%
2017-02-28,2831.185,2006.835,-824.35,141.08%
2017-03-31,2836.179,2006.256,-829.923,141.37%
2017-04-30,2831.649,2006.909,-824.74,141.10%
2017-05-31,2836.965,2009.353,-827.612,141.19%
2017-06-30,2845.93,2019.881,-826.049,140.90%
2017-07-31,2856.062,2035.004,-821.058,140.35%
2017-08-31,2870.196,2051.954,-818.242,139.88%
2017-09-30,2883.032,2077.561,-805.471,138.77%
2017-10-31,2893.954,2104.301,-789.653,137.53%
2017-11-30,2875.176,2127.152,-748.024,135.17%
2017-12-31,2880.954,2139.214,-741.74,134.67%
2018-01-31,2931.016,2078.012,-853.004,141.05%
2018-02-28,2935.686,2073.616,-862.07,141.57%
2018-03-31,2949.287,2066.778,-882.509,142.70%
2018-04-30,2956.237,2057.049,-899.188,143.71%
2018-05-31,2964.928,2054.137,-910.791,144.34%
2018-06-30,2974.514,2062.042,-912.472,144.25%
2018-07-31,2984.372,2079.252,-905.12,143.53%
2018-08-31,2992.376,2089.961,-902.415,143.18%
2018-09-30,2993.504,2088.899,-904.605,143.31%
2018-10-31,3008.422,2080.374,-928.048,144.61%
2018-11-30,3008.124,2079.191,-928.933,144.68%
2018-12-31,3020.619,2089.708,-930.911,144.55%
2019-01-31,3094.647,2135.688,-958.959,144.90%
2019-02-28,3104.317,2156.779,-947.538,143.93%
2019-03-31,3118.161,2188.099,-930.062,142.51%
2019-04-30,3129.907,2215.457,-914.45,141.28%
2019-05-31,3140.019,2225.522,-914.497,141.09%
2019-06-30,3150.976,2223.702,-927.274,141.70%
2019-07-31,3157.57,2200.89,-956.68,143.47%
2019-08-31,3163.067,2195.091,-967.976,144.10%
2019-09-30,3167.477,2191.524,-975.953,144.53%
2019-10-31,3178.294,2204.671,-973.623,144.16%
2019-11-30,3174.514,2217.895,-956.619,143.13%
2019-12-31,3158.773,2225.518,-933.255,141.93%
2020-01-31,3188.101,2258.965,-929.136,141.13%
2020-02-29,3187.693,2279.841,-907.852,139.82%
2020-03-31,3261.416,2208.524,-1052.892,147.67%
2020-04-30,6457.867,2042.637,-4415.23,316.15%
2020-05-31,5303.382,2097.384,-3205.998,252.86%
2020-06-30,4907.932,2154.505,-2753.427,227.80%
2020-07-31,4934.668,2198.003,-2736.665,224.51%
2020-08-31,4132.039,2240.967,-1891.072,184.39%
2020-09-30,4090.293,2273.609,-1816.684,179.90%
2020-10-31,3841.898,2320.635,-1521.263,165.55%
2020-11-30,3699.196,2362.087,-1337.109,156.61%
2020-12-31,3769.4,2399.356,-1370.044,157.10%
2021-01-31,5737.41,2479.833,-3257.577,231.36%
2021-02-28,4168.323,2501.909,-1666.414,166.61%
2021-03-31,8161.24,2545.231,-5616.009,320.65%
2021-04-30,4782.628,2605.312,-2177.316,183.57%
2021-05-31,4227.584,2643.527,-1584.057,159.92%
2021-06-30,4134.698,2666.74,-1467.958,155.05%
2021-07-31,4230.031,2677.029,-1553.002,158.01%
2021-08-31,4230.818,2686.783,-1544.035,157.47%
2021-09-30,3957.945,2715.842,-1242.103,145.74%
2021-10-31,3938.747,2768.815,-1169.932,142.25%
2021-11-30,3923.767,2808.792,-1114.975,139.70%
2021-12-31,3914.72,2840.562,-1074.158,137.81%
2022-01-31,3869.484,3125.723,-743.761,123.79%
2022-02-28,3866.492,3146.979,-719.513,122.86%
2022-03-31,3870.202,3163.661,-706.541,122.33%
2022-04-30,3875.323,3177.633,-697.69,121.96%
2022-05-31,3877.834,3189.233,-688.601,121.59%
2022-06-30,3896.418,3198.512,-697.906,121.82%
2022-07-31,3891.748,3224.169,-667.579,120.71%
2022-08-31,3893.886,3236.659,-657.227,120.31%
2022-09-30,3892.874,3248.645,-644.229,119.83%
2022-10-31,3981.626,3232.728,-748.898,123.17%
2022-11-30,4002.235,3213.602,-788.633,124.54%
2022-12-31,4010.831,3202.148,-808.683,125.25%
2023-01-31,4029.982,2920.89,-1109.092,137.97%
2023-02-28,4065.882,2901.507,-1164.375,140.13%
2023-03-31,4076.573,2896.143,-1180.43,140.76%
2023-04-30,4064.755,2893.49,-1171.265,140.48%
2023-05-31,4079.477,2893.311,-1186.166,141.00%
2023-06-30,4077.083,2895.304,-1181.779,140.82%
2023-07-31,4077.083,2895.304,-1181.779,140.82%
